-- phpMyAdmin SQL Dump
-- version 5.2.0
-- https://www.phpmyadmin.net/
--
-- Host: localhost:3306
-- Generation Time: Oct 26, 2023 at 09:00 AM
-- Server version: 8.0.30
-- PHP Version: 8.0.0

SET SQL_MODE = "NO_AUTO_VALUE_ON_ZERO";
START TRANSACTION;
SET time_zone = "+00:00";


/*!40101 SET @OLD_CHARACTER_SET_CLIENT=@@CHARACTER_SET_CLIENT */;
/*!40101 SET @OLD_CHARACTER_SET_RESULTS=@@CHARACTER_SET_RESULTS */;
/*!40101 SET @OLD_COLLATION_CONNECTION=@@COLLATION_CONNECTION */;
/*!40101 SET NAMES utf8mb4 */;

--
-- Database: `dbswa_main`
--

-- --------------------------------------------------------

--
-- Table structure for table `ci_sessions`
--

CREATE TABLE `ci_sessions` (
  `id` varchar(128) NOT NULL,
  `ip_address` varchar(45) NOT NULL,
  `timestamp` int UNSIGNED NOT NULL DEFAULT '0',
  `data` blob NOT NULL
) ENGINE=InnoDB DEFAULT CHARSET=latin1;

--
-- Dumping data for table `ci_sessions`
--

INSERT INTO `ci_sessions` (`id`, `ip_address`, `timestamp`, `data`) VALUES
('731qqnt2peh4qendenqof60jtktrcf3t', '::1', 1698302108, 0x5f5f63695f6c6173745f726567656e65726174657c693a313639383330323130383b6c6f67696e5f69647c733a313a2231223b6c6f67696e5f6e616d657c733a353a2261646d696e223b6c6f67696e5f636c6173737c733a353a2241444d494e223b6c6f67696e5f636865636b7c733a383a22676f4061646d696e223b5f5f63695f766172737c613a393a7b733a32343a2277616c6c70617065722d737563636573732d75706c6f6164223b733a333a226f6c64223b733a333a226d7367223b733a333a226f6c64223b733a373a2273756363657373223b733a333a226f6c64223b733a353a226572726f72223b733a333a226f6c64223b733a31393a22747970652d737563636573732d757064617465223b733a333a226f6c64223b733a31363a22747970652d737563636573732d616464223b733a333a226f6c64223b733a31393a22747970652d737563636573732d64656c657465223b733a333a226f6c64223b733a32353a22737562736964696172792d737563636573732d757064617465223b733a333a226f6c64223b733a32333a22737570706c6965722d737563636573732d757064617465223b733a333a226f6c64223b7d6d73677c733a34323a22557365722073746174757320686173206265656e206368616e676564207375636365737366756c6c792e223b737563636573737c733a303a22223b6572726f727c733a303a22223b),
('lfplfe4ag3bt51jucgh9dlam1ojlgkf8', '::1', 1698304428, 0x5f5f63695f6c6173745f726567656e65726174657c693a313639383330343432383b6c6f67696e5f69647c733a313a2231223b6c6f67696e5f6e616d657c733a353a2261646d696e223b6c6f67696e5f636c6173737c733a353a2241444d494e223b6c6f67696e5f636865636b7c733a383a22676f4061646d696e223b5f5f63695f766172737c613a393a7b733a32343a2277616c6c70617065722d737563636573732d75706c6f6164223b733a333a226f6c64223b733a333a226d7367223b733a333a226f6c64223b733a373a2273756363657373223b733a333a226f6c64223b733a353a226572726f72223b733a333a226f6c64223b733a31393a22747970652d737563636573732d757064617465223b733a333a226f6c64223b733a31363a22747970652d737563636573732d616464223b733a333a226f6c64223b733a31393a22747970652d737563636573732d64656c657465223b733a333a226f6c64223b733a32353a22737562736964696172792d737563636573732d757064617465223b733a333a226f6c64223b733a32333a22737570706c6965722d737563636573732d757064617465223b733a333a226f6c64223b7d6d73677c733a34323a22557365722073746174757320686173206265656e206368616e676564207375636365737366756c6c792e223b737563636573737c733a303a22223b6572726f727c733a303a22223b),
('jobevppuiucpv0690aghp49g466582br', '::1', 1698305997, 0x5f5f63695f6c6173745f726567656e65726174657c693a313639383330353939373b6c6f67696e5f69647c733a313a2231223b6c6f67696e5f6e616d657c733a353a2261646d696e223b6c6f67696e5f636c6173737c733a353a2241444d494e223b6c6f67696e5f636865636b7c733a383a22676f4061646d696e223b5f5f63695f766172737c613a393a7b733a32343a2277616c6c70617065722d737563636573732d75706c6f6164223b733a333a226f6c64223b733a333a226d7367223b733a333a226f6c64223b733a373a2273756363657373223b733a333a226f6c64223b733a353a226572726f72223b733a333a226f6c64223b733a31393a22747970652d737563636573732d757064617465223b733a333a226f6c64223b733a31363a22747970652d737563636573732d616464223b733a333a226f6c64223b733a31393a22747970652d737563636573732d64656c657465223b733a333a226f6c64223b733a32353a22737562736964696172792d737563636573732d757064617465223b733a333a226f6c64223b733a32333a22737570706c6965722d737563636573732d757064617465223b733a333a226f6c64223b7d6d73677c733a34323a22557365722073746174757320686173206265656e206368616e676564207375636365737366756c6c792e223b737563636573737c733a303a22223b6572726f727c733a303a22223b),
('e34v3v6269a3e97rosf83avlalk85cii', '::1', 1698307597, 0x5f5f63695f6c6173745f726567656e65726174657c693a313639383330373539373b6c6f67696e5f69647c733a313a2231223b6c6f67696e5f6e616d657c733a353a2261646d696e223b6c6f67696e5f636c6173737c733a353a2241444d494e223b6c6f67696e5f636865636b7c733a383a22676f4061646d696e223b5f5f63695f766172737c613a393a7b733a32343a2277616c6c70617065722d737563636573732d75706c6f6164223b733a333a226f6c64223b733a333a226d7367223b733a333a226f6c64223b733a373a2273756363657373223b733a333a226f6c64223b733a353a226572726f72223b733a333a226f6c64223b733a31393a22747970652d737563636573732d757064617465223b733a333a226f6c64223b733a31363a22747970652d737563636573732d616464223b733a333a226f6c64223b733a31393a22747970652d737563636573732d64656c657465223b733a333a226f6c64223b733a32353a22737562736964696172792d737563636573732d757064617465223b733a333a226f6c64223b733a32333a22737570706c6965722d737563636573732d757064617465223b733a333a226f6c64223b7d6d73677c733a34323a22557365722073746174757320686173206265656e206368616e676564207375636365737366756c6c792e223b737563636573737c733a303a22223b6572726f727c733a303a22223b),
('28c07e1ouvsr482thlql3sj9ds99v8ad', '::1', 1698307905, 0x5f5f63695f6c6173745f726567656e65726174657c693a313639383330373930353b6c6f67696e5f69647c733a313a2231223b6c6f67696e5f6e616d657c733a353a2261646d696e223b6c6f67696e5f636c6173737c733a353a2241444d494e223b6c6f67696e5f636865636b7c733a383a22676f4061646d696e223b5f5f63695f766172737c613a393a7b733a32343a2277616c6c70617065722d737563636573732d75706c6f6164223b733a333a226f6c64223b733a333a226d7367223b733a333a226f6c64223b733a373a2273756363657373223b733a333a226f6c64223b733a353a226572726f72223b733a333a226f6c64223b733a31393a22747970652d737563636573732d757064617465223b733a333a226f6c64223b733a31363a22747970652d737563636573732d616464223b733a333a226f6c64223b733a31393a22747970652d737563636573732d64656c657465223b733a333a226f6c64223b733a32353a22737562736964696172792d737563636573732d757064617465223b733a333a226f6c64223b733a32333a22737570706c6965722d737563636573732d757064617465223b733a333a226f6c64223b7d6d73677c733a34323a22557365722073746174757320686173206265656e206368616e676564207375636365737366756c6c792e223b737563636573737c733a303a22223b6572726f727c733a303a22223b),
('kqi618pps4m4ugrsg8cqgubre3ap63q9', '::1', 1698308224, 0x5f5f63695f6c6173745f726567656e65726174657c693a313639383330383232343b6c6f67696e5f69647c733a313a2231223b6c6f67696e5f6e616d657c733a353a2261646d696e223b6c6f67696e5f636c6173737c733a353a2241444d494e223b6c6f67696e5f636865636b7c733a383a22676f4061646d696e223b5f5f63695f766172737c613a393a7b733a32343a2277616c6c70617065722d737563636573732d75706c6f6164223b733a333a226f6c64223b733a333a226d7367223b733a333a226f6c64223b733a373a2273756363657373223b733a333a226f6c64223b733a353a226572726f72223b733a333a226f6c64223b733a31393a22747970652d737563636573732d757064617465223b733a333a226f6c64223b733a31363a22747970652d737563636573732d616464223b733a333a226f6c64223b733a31393a22747970652d737563636573732d64656c657465223b733a333a226f6c64223b733a32353a22737562736964696172792d737563636573732d757064617465223b733a333a226f6c64223b733a32333a22737570706c6965722d737563636573732d757064617465223b733a333a226f6c64223b7d6d73677c733a34323a22557365722073746174757320686173206265656e206368616e676564207375636365737366756c6c792e223b737563636573737c733a303a22223b6572726f727c733a303a22223b),
('dpb7v551vbhosv9ofhdvled9375dseu5', '::1', 1698308228, 0x5f5f63695f6c6173745f726567656e65726174657c693a313639383330383232343b6c6f67696e5f69647c733a313a2231223b6c6f67696e5f6e616d657c733a353a2261646d696e223b6c6f67696e5f636c6173737c733a353a2241444d494e223b6c6f67696e5f636865636b7c733a383a22676f4061646d696e223b5f5f63695f766172737c613a393a7b733a32343a2277616c6c70617065722d737563636573732d75706c6f6164223b733a333a226f6c64223b733a333a226d7367223b733a333a226f6c64223b733a373a2273756363657373223b733a333a226f6c64223b733a353a226572726f72223b733a333a226f6c64223b733a31393a22747970652d737563636573732d757064617465223b733a333a226f6c64223b733a31363a22747970652d737563636573732d616464223b733a333a226f6c64223b733a31393a22747970652d737563636573732d64656c657465223b733a333a226f6c64223b733a32353a22737562736964696172792d737563636573732d757064617465223b733a333a226f6c64223b733a32333a22737570706c6965722d737563636573732d757064617465223b733a333a226f6c64223b7d6d73677c733a34323a22557365722073746174757320686173206265656e206368616e676564207375636365737366756c6c792e223b737563636573737c733a303a22223b6572726f727c733a303a22223b),
('r3dm1d1jiu92n4soi76jk8qqbk850pih', '127.0.0.1', 1698308958, 0x5f5f63695f6c6173745f726567656e65726174657c693a313639383330383737363b6c6f67696e5f69647c733a313a2231223b6c6f67696e5f6e616d657c733a353a2261646d696e223b6c6f67696e5f636c6173737c733a353a2241444d494e223b6c6f67696e5f636865636b7c733a383a22676f4061646d696e223b5f5f63695f766172737c613a313a7b733a31393a22757365722d737563636573732d757064617465223b733a333a226f6c64223b7d),
('p7tmp4c9j5j09b8jbfo61kbl59orkin0', '::1', 1698308866, 0x5f5f63695f6c6173745f726567656e65726174657c693a313639383330383831343b6c6f67696e5f69647c733a313a2231223b6c6f67696e5f6e616d657c733a353a2261646d696e223b6c6f67696e5f636c6173737c733a353a2241444d494e223b6c6f67696e5f636865636b7c733a383a22676f4061646d696e223b),
('89dohgof4g930bjj09i26tltcf9tlkh1', '::1', 1698308935, 0x5f5f63695f6c6173745f726567656e65726174657c693a313639383330383839343b6c6f67696e5f69647c733a313a2231223b6c6f67696e5f6e616d657c733a353a2261646d696e223b6c6f67696e5f636c6173737c733a353a2241444d494e223b6c6f67696e5f636865636b7c733a383a22676f4061646d696e223b5f5f63695f766172737c613a333a7b733a31363a22757365722d737563636573732d616464223b733a333a226f6c64223b733a373a2273756363657373223b733a333a226e6577223b733a353a226572726f72223b733a333a226e6577223b7d737563636573737c733a303a22223b6572726f727c733a303a22223b),
('slcf4v7a9i34pb0ufvvieq0l7shfdb8a', '127.0.0.1', 1698308976, 0x5f5f63695f6c6173745f726567656e65726174657c693a313639383330383937363b);

-- --------------------------------------------------------

--
-- Table structure for table `class_tbl`
--

CREATE TABLE `class_tbl` (
  `CID` int NOT NULL,
  `CLASS` varchar(50) NOT NULL,
  `DESCRIPTION` varchar(100) NOT NULL,
  `FILE_MAINTENANCE` int NOT NULL DEFAULT '1',
  `SUBSIDIARY` int NOT NULL DEFAULT '1',
  `SUPPLIER` int NOT NULL DEFAULT '1',
  `USER_FILTERING` int NOT NULL DEFAULT '1',
  `SWA` int NOT NULL DEFAULT '1',
  `SWA_FORM` int NOT NULL DEFAULT '1',
  `SWA_FORM_VIEW` int NOT NULL DEFAULT '1',
  `SWA_CONFIRM_MIS` int NOT NULL DEFAULT '1',
  `PER` int NOT NULL DEFAULT '1',
  `PER_VIEW` int NOT NULL DEFAULT '1',
  `SWA_CONFIRM_ACCT` int NOT NULL DEFAULT '1',
  `SYSTEM_MANAGER` int NOT NULL DEFAULT '1',
  `USER_TYPE` int NOT NULL DEFAULT '1',
  `SYSTEM_USER` int NOT NULL DEFAULT '1',
  `USER_MENU` int NOT NULL DEFAULT '1',
  `MENU_SETTINGS` int DEFAULT '1',
  `SYSTEM_UTILITIES` int NOT NULL DEFAULT '1',
  `SYSTEM_WALLPAPER` int NOT NULL DEFAULT '1',
  `ABOUT` int NOT NULL DEFAULT '1',
  `CREATION_DATE` timestamp NOT NULL DEFAULT CURRENT_TIMESTAMP
) ENGINE=InnoDB DEFAULT CHARSET=utf8mb4 COLLATE=utf8mb4_0900_ai_ci;

--
-- Dumping data for table `class_tbl`
--

INSERT INTO `class_tbl` (`CID`, `CLASS`, `DESCRIPTION`, `FILE_MAINTENANCE`, `SUBSIDIARY`, `SUPPLIER`, `USER_FILTERING`, `SWA`, `SWA_FORM`, `SWA_FORM_VIEW`, `SWA_CONFIRM_MIS`, `PER`, `PER_VIEW`, `SWA_CONFIRM_ACCT`, `SYSTEM_MANAGER`, `USER_TYPE`, `SYSTEM_USER`, `USER_MENU`, `MENU_SETTINGS`, `SYSTEM_UTILITIES`, `SYSTEM_WALLPAPER`, `ABOUT`, `CREATION_DATE`) VALUES
(36, 'IAD', 'Internal Audit', 1, 1, 1, 1, 1, 1, 1, 1, 1, 1, 1, 1, 1, 1, 1, 1, 1, 1, 1, '2023-10-17 08:01:29'),
(37, 'ACCTG', 'Accounting', 1, 1, 1, 1, 1, 1, 1, 1, 1, 1, 1, 1, 1, 1, 1, 1, 1, 1, 1, '2023-10-17 08:01:50'),
(38, 'ADMIN', 'System Administrator', 1, 1, 1, 1, 1, 1, 1, 1, 1, 1, 1, 1, 1, 1, 1, 1, 1, 1, 1, '2023-10-17 08:02:02'),
(39, 'IT-HEAD', 'IT', 1, 1, 1, 1, 1, 1, 1, 1, 1, 1, 1, 1, 1, 1, 1, 1, 1, 1, 1, '2023-10-17 08:02:12'),
(41, 'MIS 2', 'MIS 2', 1, 1, 1, 1, 1, 1, 1, 1, 1, 1, 1, 1, 1, 1, 1, 1, 1, 1, 1, '2023-10-17 08:02:24'),
(43, 'SYSMGR', 'System Manager', 1, 1, 1, 1, 1, 1, 1, 1, 1, 1, 1, 1, 1, 1, 1, 1, 1, 1, 1, '2023-10-17 08:12:14'),
(48, 'MIS 1', 'MIS 1', 1, 1, 1, 1, 1, 1, 1, 1, 1, 1, 1, 1, 1, 1, 1, 1, 1, 1, 1, '2023-10-26 07:15:27');

-- --------------------------------------------------------

--
-- Table structure for table `menu_tbl`
--

CREATE TABLE `menu_tbl` (
  `ID` int NOT NULL,
  `DESCRIPTION` varchar(100) NOT NULL,
  `RIGHTS` int NOT NULL DEFAULT '1',
  `CREATION_DATE` timestamp NOT NULL DEFAULT CURRENT_TIMESTAMP
) ENGINE=InnoDB DEFAULT CHARSET=utf8mb4 COLLATE=utf8mb4_0900_ai_ci;

--
-- Dumping data for table `menu_tbl`
--

INSERT INTO `menu_tbl` (`ID`, `DESCRIPTION`, `RIGHTS`, `CREATION_DATE`) VALUES
(1, 'File Maintenance', 0, '2023-10-26 02:13:23'),
(2, 'Subsidiary', 0, '2023-10-26 02:13:23'),
(3, 'Supplier', 0, '2023-10-26 02:13:23'),
(4, 'User Filtering', 0, '2023-10-26 02:13:23'),
(5, 'Stock Withdrawal Advice', 0, '2023-10-26 02:13:23'),
(6, 'Stock Withdrawal Advice Form', 0, '2023-10-26 02:13:23'),
(7, 'Stock Withdrawal Advice - View Only', 0, '2023-10-26 02:13:23'),
(8, 'SWA Confirmation - MIS', 0, '2023-10-26 02:13:23'),
(9, 'Promo Execution Report', 0, '2023-10-26 02:13:23'),
(10, 'Promo Execution Report - View Only', 0, '2023-10-26 02:13:23'),
(11, 'SWA Confirmation - Accounting', 0, '2023-10-26 02:13:23'),
(12, 'System Manager', 0, '2023-10-26 02:13:23'),
(13, 'User Type', 0, '2023-10-26 02:13:23'),
(14, 'System User', 0, '2023-10-26 02:13:23'),
(15, 'User Menu', 0, '2023-10-26 02:13:23'),
(16, 'Menu Settings', 0, '2023-10-26 02:13:23'),
(17, 'System Utilities', 0, '2023-10-26 02:13:23'),
(18, 'System Wallpaper', 0, '2023-10-26 02:13:23'),
(19, 'About the System', 0, '2023-10-26 02:13:23');

-- --------------------------------------------------------

--
-- Table structure for table `per_tbl`
--

CREATE TABLE `per_tbl` (
  `PER_ID` int NOT NULL,
  `SUB_ID` int NOT NULL,
  `PER_PROMO_TITLE` varchar(299) NOT NULL,
  `PER_MECHANICS` varchar(199) NOT NULL,
  `PER_PROMO_START` date NOT NULL,
  `PER_PROMO_END` date NOT NULL,
  `PER_SPONSOR` varchar(199) NOT NULL,
  `PER_CONTROL_NO` int NOT NULL,
  `PER_MISREF_NO_1` int NOT NULL,
  `PER_MISREF_NO_2` int NOT NULL,
  `PER_MISREF_NO_3` int NOT NULL,
  `PER_QUANTITY` int NOT NULL,
  `PER_UNIT` varchar(199) NOT NULL,
  `PER_ITEM_DESCRIPTION` varchar(199) NOT NULL,
  `PER_ACTUAL_QUANTITY` int NOT NULL,
  `PER_UNUSED_ALLOCATION` int NOT NULL,
  `PER_SUMMARY` text NOT NULL,
  `PER_REMARK` text NOT NULL,
  `PER_SUBMIT_BY` varchar(199) NOT NULL,
  `PER_SUBMIT_BY_DATE` date NOT NULL,
  `PER_REVIEW_BY` varchar(199) NOT NULL,
  `PER_REVIEW_BY_DATE` date NOT NULL,
  `PER_AUDIT_BY` varchar(199) NOT NULL,
  `PER_AUDIT_BY_DATE` date NOT NULL,
  `PER_NOTE_BY` varchar(199) NOT NULL,
  `PER_NOTE_BY_DATE` date NOT NULL,
  `DATE_CREATED` timestamp NOT NULL DEFAULT CURRENT_TIMESTAMP
) ENGINE=InnoDB DEFAULT CHARSET=utf8mb4 COLLATE=utf8mb4_0900_ai_ci;

-- --------------------------------------------------------

--
-- Table structure for table `privilege_tbl`
--

CREATE TABLE `privilege_tbl` (
  `ID` int NOT NULL,
  `NAME` varchar(100) NOT NULL,
  `CREATION_DATE` timestamp NOT NULL DEFAULT CURRENT_TIMESTAMP
) ENGINE=InnoDB DEFAULT CHARSET=utf8mb4 COLLATE=utf8mb4_0900_ai_ci;

-- --------------------------------------------------------

--
-- Table structure for table `sub_tbl`
--

CREATE TABLE `sub_tbl` (
  `ID` int NOT NULL,
  `CODE` varchar(100) CHARACTER SET latin1 COLLATE latin1_swedish_ci NOT NULL,
  `DESCRIPTION` varchar(100) CHARACTER SET latin1 COLLATE latin1_swedish_ci NOT NULL,
  `CREATION_DATE` timestamp NOT NULL DEFAULT CURRENT_TIMESTAMP
) ENGINE=InnoDB DEFAULT CHARSET=latin1;

--
-- Dumping data for table `sub_tbl`
--

INSERT INTO `sub_tbl` (`ID`, `CODE`, `DESCRIPTION`, `CREATION_DATE`) VALUES
(8, 'PM', 'PLAZA MARCELA', '2023-09-22 08:29:57'),
(9, 'ICM', 'ISLAND CITY MALL', '2023-09-22 09:11:58'),
(11, 'MOA', 'MALL OF ALTURAS', '2023-09-25 03:00:24'),
(13, 'AC', 'ALTA CITA', '2023-09-25 05:15:55'),
(36, 'RO', 'RMI COMMERCIAL', '2023-10-13 07:47:48'),
(39, 'AGC', 'ALTURAS GROUP OF COMPANIES', '2023-10-16 02:17:24');

-- --------------------------------------------------------

--
-- Table structure for table `sup_tbl`
--

CREATE TABLE `sup_tbl` (
  `ID` int NOT NULL,
  `CODE` varchar(15) NOT NULL,
  `NAME` varchar(100) NOT NULL,
  `ADDRESS` varchar(100) NOT NULL,
  `CONTACT_PERSON` varchar(100) NOT NULL,
  `PHONE_NO` int NOT NULL,
  `TEL_NO` int NOT NULL,
  `CREATION_DATE` timestamp NOT NULL DEFAULT CURRENT_TIMESTAMP
) ENGINE=InnoDB DEFAULT CHARSET=latin1;

--
-- Dumping data for table `sup_tbl`
--

INSERT INTO `sup_tbl` (`ID`, `CODE`, `NAME`, `ADDRESS`, `CONTACT_PERSON`, `PHONE_NO`, `TEL_NO`, `CREATION_DATE`) VALUES
(15, '41111', 'William\'s Lectchon', 'Taguihon, Baclayon', 'Josh Paler', 41121, 221111, '2023-09-25 03:35:28'),
(16, '4311', 'Devon\'s Pizzaderia', 'Mansasa', 'Devon Bullo', 901001021, 4227777, '2023-09-25 03:49:54'),
(17, '4121', 'JOLLIBEE ATABAY', 'Valencia, Boholl', 'Xavlods Atabay', 2147483647, 4112242, '2023-09-25 03:56:12'),
(18, '4214', 'Cainderia', 'Alburquerque, Bohol', 'Jeh Cain', 909696969, 42277777, '2023-09-25 09:49:31'),
(19, '21211', 'Tuna Republic', 'sdsd', 'sad', 2114, 12312, '2023-10-10 02:23:16');

-- --------------------------------------------------------

--
-- Table structure for table `swa_tbl`
--

CREATE TABLE `swa_tbl` (
  `SWA_ID` int NOT NULL,
  `SUB_ID` int NOT NULL,
  `SUP_ID` int NOT NULL,
  `SWA_CONTROL_NO` int NOT NULL,
  `SWA_TRANS_NO` int NOT NULL,
  `SWA_PER_NO` int NOT NULL,
  `SWA_CRFCV_NO` int NOT NULL,
  `SWA_QUANTITY` int NOT NULL,
  `SWA_UNIT` varchar(199) NOT NULL,
  `SWA_DESCRIPTION` varchar(199) NOT NULL,
  `SWA_UNIT_COST` int NOT NULL,
  `SWA_AMOUNT` int NOT NULL,
  `SWA_ACCOUNTING_INSTRUCT` text NOT NULL,
  `SWA_REMARK` text NOT NULL,
  `SWA_REQUEST_BY` varchar(199) NOT NULL,
  `SWA_REQUEST_BY_DATE` date NOT NULL,
  `SWA_REVIEW_BY` varchar(199) NOT NULL,
  `SWA_REVIEW_BY_DATE` date NOT NULL,
  `SWA_APPROVE_BY` varchar(199) NOT NULL,
  `SWA_APPROVE_BY_DATE` date NOT NULL,
  `SWA_RELEASE_BY` varchar(199) NOT NULL,
  `SWA_RELEASE_BY_DATE` date NOT NULL,
  `SWA_RECEIVE_BY` varchar(199) NOT NULL,
  `SWA_RECEIVE_BY_DATE` date NOT NULL,
  `SWA_PROMO_TITLE` varchar(199) NOT NULL,
  `SWA_PROMO_MECHANICS` text NOT NULL,
  `SWA_PROMO_START` date NOT NULL,
  `SWA_PROMO_END` date NOT NULL,
  `CREATION_DATE` timestamp NOT NULL DEFAULT CURRENT_TIMESTAMP
) ENGINE=InnoDB DEFAULT CHARSET=utf8mb4 COLLATE=utf8mb4_0900_ai_ci;

-- --------------------------------------------------------

--
-- Table structure for table `users_tbl`
--

CREATE TABLE `users_tbl` (
  `ID` int NOT NULL,
  `CLASS_ID` int NOT NULL,
  `USERNAME` varchar(200) CHARACTER SET latin1 COLLATE latin1_swedish_ci NOT NULL,
  `PASSWORD` varchar(100) CHARACTER SET latin1 COLLATE latin1_swedish_ci NOT NULL,
  `EMP_NAME` varchar(100) NOT NULL,
  `EMP_ID` varchar(100) NOT NULL,
  `EMP_POS` varchar(100) NOT NULL,
  `EMP_DEPT` varchar(100) NOT NULL,
  `EMP_BU` varchar(100) NOT NULL,
  `CREATION_DATE` timestamp NOT NULL DEFAULT CURRENT_TIMESTAMP,
  `STATUS` int NOT NULL DEFAULT '1'
) ENGINE=InnoDB DEFAULT CHARSET=latin1;

--
-- Dumping data for table `users_tbl`
--

INSERT INTO `users_tbl` (`ID`, `CLASS_ID`, `USERNAME`, `PASSWORD`, `EMP_NAME`, `EMP_ID`, `EMP_POS`, `EMP_DEPT`, `EMP_BU`, `CREATION_DATE`, `STATUS`) VALUES
(1, 38, 'admin', 'password', 'Secretaria, Rino Rey Tapa ', '03447-2023', 'System Programmer I', 'Information Technology', 'HO', '2023-10-24 03:36:16', 1),
(2, 39, 'secret', 'alturas2023', 'Atabay, Xavier Ulysses Dizon ', '02871-2022', 'System Programmer II', 'Information Technology', 'HO', '2023-10-24 03:36:27', 1),
(3, 37, '04334-2022', 'alturas2023', 'Paler, Joshoa Duran', '04334-2022', 'System Programmer II', 'Information Technology', 'HO', '2023-10-24 03:36:46', 1),
(4, 37, 'gagaga', 'alturas2023', 'Galleros, Jomari  ', '03701-2023', 'System Programmer I', 'Information Technology', 'HO', '2023-10-24 03:36:56', 1),
(5, 39, 'sss', 'alturas2023', 'Igcalinos, Marc Jayson Budlat', '00914-2022', 'System Programmer II', 'Information Technology', 'HO', '2023-10-24 03:37:11', 0),
(6, 38, 'dsadasdss', '123456', 'Potat, Ailyn Lagang', '02598-2014', 'Visual Merchandiser I', 'HOME & FASHION', 'ICM', '2023-10-24 07:58:00', 1),
(7, 38, 'tasdsaasds', '123456', 'Natcher, Jennifer Cuaresma', '01257-2018', 'Encoder I', 'BACKROOM DEPARTMENT', 'COL-C', '2023-10-25 00:23:22', 1),
(8, 37, '49193-2013', '123456', 'Potane, Jess Aleria', '49193-2013', 'Sr Auditor', 'Internal Audit Department', 'HO', '2023-10-25 01:22:44', 1),
(9, 37, '00608-2014', 'alturas2023', 'Monalem, Janeth Lucip', '00608-2014', 'FA Officer', 'Fixed Asset Department', 'HO', '2023-10-25 01:41:59', 1),
(10, 36, 'sdadsa', 'alturas2023', 'Vacunawa, Gina Ongray', '00459-2013', 'Sales Clerk', 'SUPERMARKET', 'Plaza Marcela', '2023-10-25 01:42:27', 1),
(11, 38, '00416-2020', 'alturas2023', 'Caacbay, Cathyrine Razon ', '00416-2020', 'Service Staff 3', 'CENTRAL DISTRIBUTION CENTER', 'Warehouses', '2023-10-25 01:43:13', 1),
(12, 43, '08697-2015', 'alturas2023', 'Taran, Ronald ', '08697-2015', 'Stock Clerk I', 'BACKROOM DEPARTMENT', 'COL-M', '2023-10-25 01:44:10', 1),
(13, 39, '01886-2023', 'alturas2023', 'Sanguenza, Nico Sealtiel Regañon ', '01886-2023', 'Tech Support Technician I', 'ADMIN', 'ICM', '2023-10-25 01:53:39', 1),
(14, 37, '02653-2019', 'alturas2023', 'Gamala, Sarah Jean Olaso ', '02653-2019', 'Service Staff 3', 'SUPERMARKET', 'ICM', '2023-10-25 01:55:42', 1),
(15, 41, '14364-2013', 'alturas2023', 'Canada, Elora Nicel Cortidor', '14364-2013', 'Jr. Supervisor', 'Admin', 'Dressing Plant', '2023-10-25 01:56:11', 1),
(16, 40, '04645-2023', 'alturas2023', 'Sombrio, Ivy Rose Posas ', '04645-2023', 'AP/AR Clerk I', 'ADMIN', 'Noodles', '2023-10-25 07:37:47', 1),
(17, 39, 'sir jayson', 'alturas2023', 'Igcalinos, Cesario Calamba', '31441-2013', 'Production Worker I', 'Production/Operation', 'Bacong', '2023-10-25 09:54:49', 1),
(18, 41, '00283-2021', 'alturas2023', 'Igcalinos, Heziel Gascar', '00283-2021', 'Audit Trainee I', 'Internal Audit Department', 'HO', '2023-10-25 09:57:40', 1),
(19, 39, '01704-2016', 'alturas2023', 'Socobos, Ma. Via Ayento ', '01704-2016', 'Disbursing Clerk II', 'ACCOUNTING', 'Group 1', '2023-10-26 00:53:54', 1),
(20, 37, '02780-2022', 'alturas2023', 'Remolador, James Matthew Petarco ', '02780-2022', 'System Programmer II', 'Information Technology', 'HO', '2023-10-26 01:03:56', 1),
(21, 41, '54723-2013', 'alturas2023', 'Longjas, Joel Albarado', '54723-2013', 'Production Aide', 'ADMIN', 'Piggery (Cortes)', '2023-10-26 01:41:14', 1),
(22, 39, '02871-2015', 'alturas2023', 'Sombrio, Elieser Lobregas ', '02871-2015', 'Civil Engineer II', 'PLANNING, DESIGNS & CONSTRUCTION', 'HO', '2023-10-26 08:28:45', 1);

--
-- Indexes for dumped tables
--

--
-- Indexes for table `class_tbl`
--
ALTER TABLE `class_tbl`
  ADD PRIMARY KEY (`CID`);

--
-- Indexes for table `menu_tbl`
--
ALTER TABLE `menu_tbl`
  ADD PRIMARY KEY (`ID`);

--
-- Indexes for table `privilege_tbl`
--
ALTER TABLE `privilege_tbl`
  ADD PRIMARY KEY (`ID`);

--
-- Indexes for table `sub_tbl`
--
ALTER TABLE `sub_tbl`
  ADD PRIMARY KEY (`ID`);

--
-- Indexes for table `sup_tbl`
--
ALTER TABLE `sup_tbl`
  ADD PRIMARY KEY (`ID`);

--
-- Indexes for table `swa_tbl`
--
ALTER TABLE `swa_tbl`
  ADD PRIMARY KEY (`SWA_ID`);

--
-- Indexes for table `users_tbl`
--
ALTER TABLE `users_tbl`
  ADD PRIMARY KEY (`ID`);

--
-- AUTO_INCREMENT for dumped tables
--

--
-- AUTO_INCREMENT for table `class_tbl`
--
ALTER TABLE `class_tbl`
  MODIFY `CID` int NOT NULL AUTO_INCREMENT, AUTO_INCREMENT=49;

--
-- AUTO_INCREMENT for table `menu_tbl`
--
ALTER TABLE `menu_tbl`
  MODIFY `ID` int NOT NULL AUTO_INCREMENT, AUTO_INCREMENT=20;

--
-- AUTO_INCREMENT for table `privilege_tbl`
--
ALTER TABLE `privilege_tbl`
  MODIFY `ID` int NOT NULL AUTO_INCREMENT;

--
-- AUTO_INCREMENT for table `sub_tbl`
--
ALTER TABLE `sub_tbl`
  MODIFY `ID` int NOT NULL AUTO_INCREMENT, AUTO_INCREMENT=43;

--
-- AUTO_INCREMENT for table `sup_tbl`
--
ALTER TABLE `sup_tbl`
  MODIFY `ID` int NOT NULL AUTO_INCREMENT, AUTO_INCREMENT=28;

--
-- AUTO_INCREMENT for table `swa_tbl`
--
ALTER TABLE `swa_tbl`
  MODIFY `SWA_ID` int NOT NULL AUTO_INCREMENT;

--
-- AUTO_INCREMENT for table `users_tbl`
--
ALTER TABLE `users_tbl`
  MODIFY `ID` int NOT NULL AUTO_INCREMENT, AUTO_INCREMENT=23;
COMMIT;

/*!40101 SET CHARACTER_SET_CLIENT=@OLD_CHARACTER_SET_CLIENT */;
/*!40101 SET CHARACTER_SET_RESULTS=@OLD_CHARACTER_SET_RESULTS */;
/*!40101 SET COLLATION_CONNECTION=@OLD_COLLATION_CONNECTION */;
