-- phpMyAdmin SQL Dump
-- version 5.2.0
-- https://www.phpmyadmin.net/
--
-- Host: localhost:3306
-- Generation Time: Feb 07, 2024 at 09:48 AM
-- Server version: 8.0.30
-- PHP Version: 8.0.0

SET SQL_MODE = "NO_AUTO_VALUE_ON_ZERO";
START TRANSACTION;
SET time_zone = "+00:00";


/*!40101 SET @OLD_CHARACTER_SET_CLIENT=@@CHARACTER_SET_CLIENT */;
/*!40101 SET @OLD_CHARACTER_SET_RESULTS=@@CHARACTER_SET_RESULTS */;
/*!40101 SET @OLD_COLLATION_CONNECTION=@@COLLATION_CONNECTION */;
/*!40101 SET NAMES utf8mb4 */;

--
-- Database: `dbswa_main`
--

-- --------------------------------------------------------

--
-- Table structure for table `ci_sessions`
--

CREATE TABLE `ci_sessions` (
  `id` varchar(128) NOT NULL,
  `ip_address` varchar(45) NOT NULL,
  `timestamp` int UNSIGNED NOT NULL DEFAULT '0',
  `data` blob NOT NULL
) ENGINE=InnoDB DEFAULT CHARSET=latin1;

--
-- Dumping data for table `ci_sessions`
--

INSERT INTO `ci_sessions` (`id`, `ip_address`, `timestamp`, `data`) VALUES
('63qn41n8v7tkdr5855btotem2eb2f78q', '127.0.0.1', 1707266914, 0x5f5f63695f6c6173745f726567656e65726174657c693a313730373236363931343b6c6f67696e5f69647c733a313a2231223b6c6f67696e5f6e616d657c733a353a2261646d696e223b6c6f67696e5f656d706e616d657c733a32363a22536563726574617269612c2052696e6f20526579205461706120223b6c6f67696e5f656d7069647c733a31303a2230333434372d32303233223b6c6f67696e5f656d70706f737c733a31393a2253797374656d2050726f6772616d6d65722049223b6c6f67696e5f656d70646570747c733a32323a22496e666f726d6174696f6e20546563686e6f6c6f6779223b6c6f67696e5f656d7062757c733a323a22484f223b6c6f67696e5f7374617475737c733a313a2231223b6c6f67696e5f636c6173737c733a353a2241444d494e223b6c6f67696e5f706173737c733a383a2270617373776f7264223b6c6f67696e5f63647c733a32303a2253797374656d2041646d696e6973747261746f72223b707269765f666d7c733a313a2231223b707269765f7375627c733a313a2231223b707269765f7375707c733a313a2231223b707269765f75667c733a313a2231223b707269765f7377617c733a313a2231223b707269765f737761667c733a313a2231223b707269765f737761766f7c733a313a2231223b707269765f7377616d69737c733a313a2231223b707269765f7065727c733a313a2231223b707269765f706572766f7c733a313a2231223b707269765f73776161636374677c733a313a2231223b707269765f736d7c733a313a2231223b707269765f75747c733a313a2231223b707269765f75736572737c733a313a2231223b707269765f756d7c733a313a2231223b707269765f6d737c733a313a2231223b707269765f7574696c69746965737c733a313a2231223b707269765f73777c733a313a2231223b707269765f61737c733a313a2231223b6c6f676765645f696e7c623a313b),
('0157o45k6r92rf03n935l1riajkvg0ki', '127.0.0.1', 1707268493, 0x5f5f63695f6c6173745f726567656e65726174657c693a313730373236383439333b6c6f67696e5f69647c733a313a2231223b6c6f67696e5f6e616d657c733a353a2261646d696e223b6c6f67696e5f656d706e616d657c733a32363a22536563726574617269612c2052696e6f20526579205461706120223b6c6f67696e5f656d7069647c733a31303a2230333434372d32303233223b6c6f67696e5f656d70706f737c733a31393a2253797374656d2050726f6772616d6d65722049223b6c6f67696e5f656d70646570747c733a32323a22496e666f726d6174696f6e20546563686e6f6c6f6779223b6c6f67696e5f656d7062757c733a323a22484f223b6c6f67696e5f7374617475737c733a313a2231223b6c6f67696e5f636c6173737c733a353a2241444d494e223b6c6f67696e5f706173737c733a383a2270617373776f7264223b6c6f67696e5f63647c733a32303a2253797374656d2041646d696e6973747261746f72223b707269765f666d7c733a313a2231223b707269765f7375627c733a313a2231223b707269765f7375707c733a313a2231223b707269765f75667c733a313a2231223b707269765f7377617c733a313a2231223b707269765f737761667c733a313a2231223b707269765f737761766f7c733a313a2231223b707269765f7377616d69737c733a313a2231223b707269765f7065727c733a313a2231223b707269765f706572766f7c733a313a2231223b707269765f73776161636374677c733a313a2231223b707269765f736d7c733a313a2231223b707269765f75747c733a313a2231223b707269765f75736572737c733a313a2231223b707269765f756d7c733a313a2231223b707269765f6d737c733a313a2231223b707269765f7574696c69746965737c733a313a2231223b707269765f73777c733a313a2231223b707269765f61737c733a313a2231223b6c6f676765645f696e7c623a313b),
('prl490lhs1gup0ie7shdpam69iqeb1c9', '127.0.0.1', 1707269681, 0x5f5f63695f6c6173745f726567656e65726174657c693a313730373236393638313b6c6f67696e5f69647c733a313a2231223b6c6f67696e5f6e616d657c733a353a2261646d696e223b6c6f67696e5f656d706e616d657c733a32363a22536563726574617269612c2052696e6f20526579205461706120223b6c6f67696e5f656d7069647c733a31303a2230333434372d32303233223b6c6f67696e5f656d70706f737c733a31393a2253797374656d2050726f6772616d6d65722049223b6c6f67696e5f656d70646570747c733a32323a22496e666f726d6174696f6e20546563686e6f6c6f6779223b6c6f67696e5f656d7062757c733a323a22484f223b6c6f67696e5f7374617475737c733a313a2231223b6c6f67696e5f636c6173737c733a353a2241444d494e223b6c6f67696e5f706173737c733a383a2270617373776f7264223b6c6f67696e5f63647c733a32303a2253797374656d2041646d696e6973747261746f72223b707269765f666d7c733a313a2231223b707269765f7375627c733a313a2231223b707269765f7375707c733a313a2231223b707269765f75667c733a313a2231223b707269765f7377617c733a313a2231223b707269765f737761667c733a313a2231223b707269765f737761766f7c733a313a2231223b707269765f7377616d69737c733a313a2231223b707269765f7065727c733a313a2231223b707269765f706572766f7c733a313a2231223b707269765f73776161636374677c733a313a2231223b707269765f736d7c733a313a2231223b707269765f75747c733a313a2231223b707269765f75736572737c733a313a2231223b707269765f756d7c733a313a2231223b707269765f6d737c733a313a2231223b707269765f7574696c69746965737c733a313a2231223b707269765f73777c733a313a2231223b707269765f61737c733a313a2231223b6c6f676765645f696e7c623a313b),
('3mvdojlrvkoo1t8fue9d4f0jv6o207j9', '127.0.0.1', 1707270121, 0x5f5f63695f6c6173745f726567656e65726174657c693a313730373237303132313b6c6f67696e5f69647c733a313a2231223b6c6f67696e5f6e616d657c733a353a2261646d696e223b6c6f67696e5f656d706e616d657c733a32363a22536563726574617269612c2052696e6f20526579205461706120223b6c6f67696e5f656d7069647c733a31303a2230333434372d32303233223b6c6f67696e5f656d70706f737c733a31393a2253797374656d2050726f6772616d6d65722049223b6c6f67696e5f656d70646570747c733a32323a22496e666f726d6174696f6e20546563686e6f6c6f6779223b6c6f67696e5f656d7062757c733a323a22484f223b6c6f67696e5f7374617475737c733a313a2231223b6c6f67696e5f636c6173737c733a353a2241444d494e223b6c6f67696e5f706173737c733a383a2270617373776f7264223b6c6f67696e5f63647c733a32303a2253797374656d2041646d696e6973747261746f72223b707269765f666d7c733a313a2231223b707269765f7375627c733a313a2231223b707269765f7375707c733a313a2231223b707269765f75667c733a313a2231223b707269765f7377617c733a313a2231223b707269765f737761667c733a313a2231223b707269765f737761766f7c733a313a2231223b707269765f7377616d69737c733a313a2231223b707269765f7065727c733a313a2231223b707269765f706572766f7c733a313a2231223b707269765f73776161636374677c733a313a2231223b707269765f736d7c733a313a2231223b707269765f75747c733a313a2231223b707269765f75736572737c733a313a2231223b707269765f756d7c733a313a2231223b707269765f6d737c733a313a2231223b707269765f7574696c69746965737c733a313a2231223b707269765f73777c733a313a2231223b707269765f61737c733a313a2231223b6c6f676765645f696e7c623a313b),
('345cckorj3ig0nkmfsqj66tkiacbuhij', '127.0.0.1', 1707270586, 0x5f5f63695f6c6173745f726567656e65726174657c693a313730373237303538363b6c6f67696e5f69647c733a313a2231223b6c6f67696e5f6e616d657c733a353a2261646d696e223b6c6f67696e5f656d706e616d657c733a32363a22536563726574617269612c2052696e6f20526579205461706120223b6c6f67696e5f656d7069647c733a31303a2230333434372d32303233223b6c6f67696e5f656d70706f737c733a31393a2253797374656d2050726f6772616d6d65722049223b6c6f67696e5f656d70646570747c733a32323a22496e666f726d6174696f6e20546563686e6f6c6f6779223b6c6f67696e5f656d7062757c733a323a22484f223b6c6f67696e5f7374617475737c733a313a2231223b6c6f67696e5f636c6173737c733a353a2241444d494e223b6c6f67696e5f706173737c733a383a2270617373776f7264223b6c6f67696e5f63647c733a32303a2253797374656d2041646d696e6973747261746f72223b707269765f666d7c733a313a2231223b707269765f7375627c733a313a2231223b707269765f7375707c733a313a2231223b707269765f75667c733a313a2231223b707269765f7377617c733a313a2231223b707269765f737761667c733a313a2231223b707269765f737761766f7c733a313a2231223b707269765f7377616d69737c733a313a2231223b707269765f7065727c733a313a2231223b707269765f706572766f7c733a313a2231223b707269765f73776161636374677c733a313a2231223b707269765f736d7c733a313a2231223b707269765f75747c733a313a2231223b707269765f75736572737c733a313a2231223b707269765f756d7c733a313a2231223b707269765f6d737c733a313a2231223b707269765f7574696c69746965737c733a313a2231223b707269765f73777c733a313a2231223b707269765f61737c733a313a2231223b6c6f676765645f696e7c623a313b),
('nv3qjk6qtcq9klgrdv6d7kdsgiatrqg9', '127.0.0.1', 1707271610, 0x5f5f63695f6c6173745f726567656e65726174657c693a313730373237313631303b6c6f67696e5f69647c733a313a2231223b6c6f67696e5f6e616d657c733a353a2261646d696e223b6c6f67696e5f656d706e616d657c733a32363a22536563726574617269612c2052696e6f20526579205461706120223b6c6f67696e5f656d7069647c733a31303a2230333434372d32303233223b6c6f67696e5f656d70706f737c733a31393a2253797374656d2050726f6772616d6d65722049223b6c6f67696e5f656d70646570747c733a32323a22496e666f726d6174696f6e20546563686e6f6c6f6779223b6c6f67696e5f656d7062757c733a323a22484f223b6c6f67696e5f7374617475737c733a313a2231223b6c6f67696e5f636c6173737c733a353a2241444d494e223b6c6f67696e5f706173737c733a383a2270617373776f7264223b6c6f67696e5f63647c733a32303a2253797374656d2041646d696e6973747261746f72223b707269765f666d7c733a313a2231223b707269765f7375627c733a313a2231223b707269765f7375707c733a313a2231223b707269765f75667c733a313a2231223b707269765f7377617c733a313a2231223b707269765f737761667c733a313a2231223b707269765f737761766f7c733a313a2231223b707269765f7377616d69737c733a313a2231223b707269765f7065727c733a313a2231223b707269765f706572766f7c733a313a2231223b707269765f73776161636374677c733a313a2231223b707269765f736d7c733a313a2231223b707269765f75747c733a313a2231223b707269765f75736572737c733a313a2231223b707269765f756d7c733a313a2231223b707269765f6d737c733a313a2231223b707269765f7574696c69746965737c733a313a2231223b707269765f73777c733a313a2231223b707269765f61737c733a313a2231223b6c6f676765645f696e7c623a313b),
('oqpua12nsvetkq9d8vr3kglmpbk8kt1v', '127.0.0.1', 1707271958, 0x5f5f63695f6c6173745f726567656e65726174657c693a313730373237313935383b6c6f67696e5f69647c733a313a2231223b6c6f67696e5f6e616d657c733a353a2261646d696e223b6c6f67696e5f656d706e616d657c733a32363a22536563726574617269612c2052696e6f20526579205461706120223b6c6f67696e5f656d7069647c733a31303a2230333434372d32303233223b6c6f67696e5f656d70706f737c733a31393a2253797374656d2050726f6772616d6d65722049223b6c6f67696e5f656d70646570747c733a32323a22496e666f726d6174696f6e20546563686e6f6c6f6779223b6c6f67696e5f656d7062757c733a323a22484f223b6c6f67696e5f7374617475737c733a313a2231223b6c6f67696e5f636c6173737c733a353a2241444d494e223b6c6f67696e5f706173737c733a383a2270617373776f7264223b6c6f67696e5f63647c733a32303a2253797374656d2041646d696e6973747261746f72223b707269765f666d7c733a313a2231223b707269765f7375627c733a313a2231223b707269765f7375707c733a313a2231223b707269765f75667c733a313a2231223b707269765f7377617c733a313a2231223b707269765f737761667c733a313a2231223b707269765f737761766f7c733a313a2231223b707269765f7377616d69737c733a313a2231223b707269765f7065727c733a313a2231223b707269765f706572766f7c733a313a2231223b707269765f73776161636374677c733a313a2231223b707269765f736d7c733a313a2231223b707269765f75747c733a313a2231223b707269765f75736572737c733a313a2231223b707269765f756d7c733a313a2231223b707269765f6d737c733a313a2231223b707269765f7574696c69746965737c733a313a2231223b707269765f73777c733a313a2231223b707269765f61737c733a313a2231223b6c6f676765645f696e7c623a313b),
('vd7jboscu9ennpa0pltn7rrdj5ebs8su', '127.0.0.1', 1707272824, 0x5f5f63695f6c6173745f726567656e65726174657c693a313730373237323832343b6c6f67696e5f69647c733a313a2231223b6c6f67696e5f6e616d657c733a353a2261646d696e223b6c6f67696e5f656d706e616d657c733a32363a22536563726574617269612c2052696e6f20526579205461706120223b6c6f67696e5f656d7069647c733a31303a2230333434372d32303233223b6c6f67696e5f656d70706f737c733a31393a2253797374656d2050726f6772616d6d65722049223b6c6f67696e5f656d70646570747c733a32323a22496e666f726d6174696f6e20546563686e6f6c6f6779223b6c6f67696e5f656d7062757c733a323a22484f223b6c6f67696e5f7374617475737c733a313a2231223b6c6f67696e5f636c6173737c733a353a2241444d494e223b6c6f67696e5f706173737c733a383a2270617373776f7264223b6c6f67696e5f63647c733a32303a2253797374656d2041646d696e6973747261746f72223b707269765f666d7c733a313a2231223b707269765f7375627c733a313a2231223b707269765f7375707c733a313a2231223b707269765f75667c733a313a2231223b707269765f7377617c733a313a2231223b707269765f737761667c733a313a2231223b707269765f737761766f7c733a313a2231223b707269765f7377616d69737c733a313a2231223b707269765f7065727c733a313a2231223b707269765f706572766f7c733a313a2231223b707269765f73776161636374677c733a313a2231223b707269765f736d7c733a313a2231223b707269765f75747c733a313a2231223b707269765f75736572737c733a313a2231223b707269765f756d7c733a313a2231223b707269765f6d737c733a313a2231223b707269765f7574696c69746965737c733a313a2231223b707269765f73777c733a313a2231223b707269765f61737c733a313a2231223b6c6f676765645f696e7c623a313b),
('1naq5ccrsait77f67mf27q88n0073cde', '127.0.0.1', 1707273383, 0x5f5f63695f6c6173745f726567656e65726174657c693a313730373237333338333b6c6f67696e5f69647c733a313a2231223b6c6f67696e5f6e616d657c733a353a2261646d696e223b6c6f67696e5f656d706e616d657c733a32363a22536563726574617269612c2052696e6f20526579205461706120223b6c6f67696e5f656d7069647c733a31303a2230333434372d32303233223b6c6f67696e5f656d70706f737c733a31393a2253797374656d2050726f6772616d6d65722049223b6c6f67696e5f656d70646570747c733a32323a22496e666f726d6174696f6e20546563686e6f6c6f6779223b6c6f67696e5f656d7062757c733a323a22484f223b6c6f67696e5f7374617475737c733a313a2231223b6c6f67696e5f636c6173737c733a353a2241444d494e223b6c6f67696e5f706173737c733a383a2270617373776f7264223b6c6f67696e5f63647c733a32303a2253797374656d2041646d696e6973747261746f72223b707269765f666d7c733a313a2231223b707269765f7375627c733a313a2231223b707269765f7375707c733a313a2231223b707269765f75667c733a313a2231223b707269765f7377617c733a313a2231223b707269765f737761667c733a313a2231223b707269765f737761766f7c733a313a2231223b707269765f7377616d69737c733a313a2231223b707269765f7065727c733a313a2231223b707269765f706572766f7c733a313a2231223b707269765f73776161636374677c733a313a2231223b707269765f736d7c733a313a2231223b707269765f75747c733a313a2231223b707269765f75736572737c733a313a2231223b707269765f756d7c733a313a2231223b707269765f6d737c733a313a2231223b707269765f7574696c69746965737c733a313a2231223b707269765f73777c733a313a2231223b707269765f61737c733a313a2231223b6c6f676765645f696e7c623a313b),
('1fut0r58hav8j8q00vo7c0r16fcrd7lf', '127.0.0.1', 1707273709, 0x5f5f63695f6c6173745f726567656e65726174657c693a313730373237333730393b6c6f67696e5f69647c733a313a2231223b6c6f67696e5f6e616d657c733a353a2261646d696e223b6c6f67696e5f656d706e616d657c733a32363a22536563726574617269612c2052696e6f20526579205461706120223b6c6f67696e5f656d7069647c733a31303a2230333434372d32303233223b6c6f67696e5f656d70706f737c733a31393a2253797374656d2050726f6772616d6d65722049223b6c6f67696e5f656d70646570747c733a32323a22496e666f726d6174696f6e20546563686e6f6c6f6779223b6c6f67696e5f656d7062757c733a323a22484f223b6c6f67696e5f7374617475737c733a313a2231223b6c6f67696e5f636c6173737c733a353a2241444d494e223b6c6f67696e5f706173737c733a383a2270617373776f7264223b6c6f67696e5f63647c733a32303a2253797374656d2041646d696e6973747261746f72223b707269765f666d7c733a313a2231223b707269765f7375627c733a313a2231223b707269765f7375707c733a313a2231223b707269765f75667c733a313a2231223b707269765f7377617c733a313a2231223b707269765f737761667c733a313a2231223b707269765f737761766f7c733a313a2231223b707269765f7377616d69737c733a313a2231223b707269765f7065727c733a313a2231223b707269765f706572766f7c733a313a2231223b707269765f73776161636374677c733a313a2231223b707269765f736d7c733a313a2231223b707269765f75747c733a313a2231223b707269765f75736572737c733a313a2231223b707269765f756d7c733a313a2231223b707269765f6d737c733a313a2231223b707269765f7574696c69746965737c733a313a2231223b707269765f73777c733a313a2231223b707269765f61737c733a313a2231223b6c6f676765645f696e7c623a313b),
('26dhbk2c7k8t7muclib92070j79jg0pe', '127.0.0.1', 1707274109, 0x5f5f63695f6c6173745f726567656e65726174657c693a313730373237343130393b6c6f67696e5f69647c733a313a2231223b6c6f67696e5f6e616d657c733a353a2261646d696e223b6c6f67696e5f656d706e616d657c733a32363a22536563726574617269612c2052696e6f20526579205461706120223b6c6f67696e5f656d7069647c733a31303a2230333434372d32303233223b6c6f67696e5f656d70706f737c733a31393a2253797374656d2050726f6772616d6d65722049223b6c6f67696e5f656d70646570747c733a32323a22496e666f726d6174696f6e20546563686e6f6c6f6779223b6c6f67696e5f656d7062757c733a323a22484f223b6c6f67696e5f7374617475737c733a313a2231223b6c6f67696e5f636c6173737c733a353a2241444d494e223b6c6f67696e5f706173737c733a383a2270617373776f7264223b6c6f67696e5f63647c733a32303a2253797374656d2041646d696e6973747261746f72223b707269765f666d7c733a313a2231223b707269765f7375627c733a313a2231223b707269765f7375707c733a313a2231223b707269765f75667c733a313a2231223b707269765f7377617c733a313a2231223b707269765f737761667c733a313a2231223b707269765f737761766f7c733a313a2231223b707269765f7377616d69737c733a313a2231223b707269765f7265706f7274737c4e3b707269765f7065727c733a313a2231223b707269765f706572766f7c733a313a2231223b707269765f73776161636374677c733a313a2231223b707269765f736d7c733a313a2231223b707269765f75747c733a313a2231223b707269765f75736572737c733a313a2231223b707269765f756d7c733a313a2231223b707269765f6d737c733a313a2231223b707269765f7574696c69746965737c733a313a2231223b707269765f73777c733a313a2231223b707269765f61737c733a313a2231223b6c6f676765645f696e7c623a313b),
('qh5peom1v1s048o0mno4736peccc0chs', '127.0.0.1', 1707275844, 0x5f5f63695f6c6173745f726567656e65726174657c693a313730373237353834343b6c6f67696e5f69647c733a313a2231223b6c6f67696e5f6e616d657c733a353a2261646d696e223b6c6f67696e5f656d706e616d657c733a32363a22536563726574617269612c2052696e6f20526579205461706120223b6c6f67696e5f656d7069647c733a31303a2230333434372d32303233223b6c6f67696e5f656d70706f737c733a31393a2253797374656d2050726f6772616d6d65722049223b6c6f67696e5f656d70646570747c733a32323a22496e666f726d6174696f6e20546563686e6f6c6f6779223b6c6f67696e5f656d7062757c733a323a22484f223b6c6f67696e5f7374617475737c733a313a2231223b6c6f67696e5f636c6173737c733a353a2241444d494e223b6c6f67696e5f706173737c733a383a2270617373776f7264223b6c6f67696e5f63647c733a32303a2253797374656d2041646d696e6973747261746f72223b707269765f666d7c733a313a2231223b707269765f7375627c733a313a2231223b707269765f7375707c733a313a2231223b707269765f75667c733a313a2231223b707269765f7377617c733a313a2231223b707269765f737761667c733a313a2231223b707269765f737761766f7c733a313a2231223b707269765f7377616d69737c733a313a2231223b707269765f7265706f7274737c733a313a2231223b707269765f7065727c733a313a2231223b707269765f706572766f7c733a313a2231223b707269765f73776161636374677c733a313a2231223b707269765f736d7c733a313a2231223b707269765f75747c733a313a2231223b707269765f75736572737c733a313a2231223b707269765f756d7c733a313a2231223b707269765f6d737c733a313a2231223b707269765f7574696c69746965737c733a313a2231223b707269765f73777c733a313a2231223b707269765f61737c733a313a2231223b6c6f676765645f696e7c623a313b),
('l2tjli8pqsbb9ucnlrd2ke3f83cua6ok', '127.0.0.1', 1707276240, 0x5f5f63695f6c6173745f726567656e65726174657c693a313730373237363234303b6c6f67696e5f69647c733a313a2231223b6c6f67696e5f6e616d657c733a353a2261646d696e223b6c6f67696e5f656d706e616d657c733a32363a22536563726574617269612c2052696e6f20526579205461706120223b6c6f67696e5f656d7069647c733a31303a2230333434372d32303233223b6c6f67696e5f656d70706f737c733a31393a2253797374656d2050726f6772616d6d65722049223b6c6f67696e5f656d70646570747c733a32323a22496e666f726d6174696f6e20546563686e6f6c6f6779223b6c6f67696e5f656d7062757c733a323a22484f223b6c6f67696e5f7374617475737c733a313a2231223b6c6f67696e5f636c6173737c733a353a2241444d494e223b6c6f67696e5f706173737c733a383a2270617373776f7264223b6c6f67696e5f63647c733a32303a2253797374656d2041646d696e6973747261746f72223b707269765f666d7c733a313a2231223b707269765f7375627c733a313a2231223b707269765f7375707c733a313a2231223b707269765f75667c733a313a2231223b707269765f7377617c733a313a2231223b707269765f737761667c733a313a2231223b707269765f737761766f7c733a313a2231223b707269765f7377616d69737c733a313a2231223b707269765f7265706f7274737c733a313a2231223b707269765f7065727c733a313a2231223b707269765f706572766f7c733a313a2231223b707269765f73776161636374677c733a313a2231223b707269765f736d7c733a313a2231223b707269765f75747c733a313a2231223b707269765f75736572737c733a313a2231223b707269765f756d7c733a313a2231223b707269765f6d737c733a313a2231223b707269765f7574696c69746965737c733a313a2231223b707269765f73777c733a313a2231223b707269765f61737c733a313a2231223b6c6f676765645f696e7c623a313b),
('3sit7q9if7vapc0v5u52sd9bt5l95elq', '127.0.0.1', 1707276557, 0x5f5f63695f6c6173745f726567656e65726174657c693a313730373237363535373b6c6f67696e5f69647c733a313a2231223b6c6f67696e5f6e616d657c733a353a2261646d696e223b6c6f67696e5f656d706e616d657c733a32363a22536563726574617269612c2052696e6f20526579205461706120223b6c6f67696e5f656d7069647c733a31303a2230333434372d32303233223b6c6f67696e5f656d70706f737c733a31393a2253797374656d2050726f6772616d6d65722049223b6c6f67696e5f656d70646570747c733a32323a22496e666f726d6174696f6e20546563686e6f6c6f6779223b6c6f67696e5f656d7062757c733a323a22484f223b6c6f67696e5f7374617475737c733a313a2231223b6c6f67696e5f636c6173737c733a353a2241444d494e223b6c6f67696e5f706173737c733a383a2270617373776f7264223b6c6f67696e5f63647c733a32303a2253797374656d2041646d696e6973747261746f72223b707269765f666d7c733a313a2231223b707269765f7375627c733a313a2231223b707269765f7375707c733a313a2231223b707269765f75667c733a313a2231223b707269765f7377617c733a313a2231223b707269765f737761667c733a313a2231223b707269765f737761766f7c733a313a2231223b707269765f7377616d69737c733a313a2231223b707269765f7265706f7274737c733a313a2231223b707269765f7065727c733a313a2231223b707269765f706572766f7c733a313a2231223b707269765f73776161636374677c733a313a2231223b707269765f736d7c733a313a2231223b707269765f75747c733a313a2231223b707269765f75736572737c733a313a2231223b707269765f756d7c733a313a2231223b707269765f6d737c733a313a2231223b707269765f7574696c69746965737c733a313a2231223b707269765f73777c733a313a2231223b707269765f61737c733a313a2231223b6c6f676765645f696e7c623a313b),
('qaqu7dpq40cjr68060bgqval8aq2kqdv', '127.0.0.1', 1707276894, 0x5f5f63695f6c6173745f726567656e65726174657c693a313730373237363839343b6c6f67696e5f69647c733a313a2231223b6c6f67696e5f6e616d657c733a353a2261646d696e223b6c6f67696e5f656d706e616d657c733a32363a22536563726574617269612c2052696e6f20526579205461706120223b6c6f67696e5f656d7069647c733a31303a2230333434372d32303233223b6c6f67696e5f656d70706f737c733a31393a2253797374656d2050726f6772616d6d65722049223b6c6f67696e5f656d70646570747c733a32323a22496e666f726d6174696f6e20546563686e6f6c6f6779223b6c6f67696e5f656d7062757c733a323a22484f223b6c6f67696e5f7374617475737c733a313a2231223b6c6f67696e5f636c6173737c733a353a2241444d494e223b6c6f67696e5f706173737c733a383a2270617373776f7264223b6c6f67696e5f63647c733a32303a2253797374656d2041646d696e6973747261746f72223b707269765f666d7c733a313a2231223b707269765f7375627c733a313a2231223b707269765f7375707c733a313a2231223b707269765f75667c733a313a2231223b707269765f7377617c733a313a2231223b707269765f737761667c733a313a2231223b707269765f737761766f7c733a313a2231223b707269765f7377616d69737c733a313a2231223b707269765f7265706f7274737c733a313a2231223b707269765f7065727c733a313a2231223b707269765f706572766f7c733a313a2231223b707269765f73776161636374677c733a313a2231223b707269765f736d7c733a313a2231223b707269765f75747c733a313a2231223b707269765f75736572737c733a313a2231223b707269765f756d7c733a313a2231223b707269765f6d737c733a313a2231223b707269765f7574696c69746965737c733a313a2231223b707269765f73777c733a313a2231223b707269765f61737c733a313a2231223b6c6f676765645f696e7c623a313b),
('9omp6b9h2lncah6i8jh1ceftp396s34n', '127.0.0.1', 1707277281, 0x5f5f63695f6c6173745f726567656e65726174657c693a313730373237373238313b6c6f67696e5f69647c733a313a2231223b6c6f67696e5f6e616d657c733a353a2261646d696e223b6c6f67696e5f656d706e616d657c733a32363a22536563726574617269612c2052696e6f20526579205461706120223b6c6f67696e5f656d7069647c733a31303a2230333434372d32303233223b6c6f67696e5f656d70706f737c733a31393a2253797374656d2050726f6772616d6d65722049223b6c6f67696e5f656d70646570747c733a32323a22496e666f726d6174696f6e20546563686e6f6c6f6779223b6c6f67696e5f656d7062757c733a323a22484f223b6c6f67696e5f7374617475737c733a313a2231223b6c6f67696e5f636c6173737c733a353a2241444d494e223b6c6f67696e5f706173737c733a383a2270617373776f7264223b6c6f67696e5f63647c733a32303a2253797374656d2041646d696e6973747261746f72223b707269765f666d7c733a313a2231223b707269765f7375627c733a313a2231223b707269765f7375707c733a313a2231223b707269765f75667c733a313a2231223b707269765f7377617c733a313a2231223b707269765f737761667c733a313a2231223b707269765f737761766f7c733a313a2231223b707269765f7377616d69737c733a313a2231223b707269765f7265706f7274737c733a313a2231223b707269765f7065727c733a313a2231223b707269765f706572766f7c733a313a2231223b707269765f73776161636374677c733a313a2231223b707269765f736d7c733a313a2231223b707269765f75747c733a313a2231223b707269765f75736572737c733a313a2231223b707269765f756d7c733a313a2231223b707269765f6d737c733a313a2231223b707269765f7574696c69746965737c733a313a2231223b707269765f73777c733a313a2231223b707269765f61737c733a313a2231223b6c6f676765645f696e7c623a313b),
('7f22l13n5kkhc08fr994rur7ue1rv32f', '127.0.0.1', 1707277992, 0x5f5f63695f6c6173745f726567656e65726174657c693a313730373237373939323b6c6f67696e5f69647c733a313a2231223b6c6f67696e5f6e616d657c733a353a2261646d696e223b6c6f67696e5f656d706e616d657c733a32363a22536563726574617269612c2052696e6f20526579205461706120223b6c6f67696e5f656d7069647c733a31303a2230333434372d32303233223b6c6f67696e5f656d70706f737c733a31393a2253797374656d2050726f6772616d6d65722049223b6c6f67696e5f656d70646570747c733a32323a22496e666f726d6174696f6e20546563686e6f6c6f6779223b6c6f67696e5f656d7062757c733a323a22484f223b6c6f67696e5f7374617475737c733a313a2231223b6c6f67696e5f636c6173737c733a353a2241444d494e223b6c6f67696e5f706173737c733a383a2270617373776f7264223b6c6f67696e5f63647c733a32303a2253797374656d2041646d696e6973747261746f72223b707269765f666d7c733a313a2231223b707269765f7375627c733a313a2231223b707269765f7375707c733a313a2231223b707269765f75667c733a313a2231223b707269765f7377617c733a313a2231223b707269765f737761667c733a313a2231223b707269765f737761766f7c733a313a2231223b707269765f7377616d69737c733a313a2231223b707269765f7265706f7274737c733a313a2231223b707269765f7065727c733a313a2231223b707269765f706572766f7c733a313a2231223b707269765f73776161636374677c733a313a2231223b707269765f736d7c733a313a2231223b707269765f75747c733a313a2231223b707269765f75736572737c733a313a2231223b707269765f756d7c733a313a2231223b707269765f6d737c733a313a2231223b707269765f7574696c69746965737c733a313a2231223b707269765f73777c733a313a2231223b707269765f61737c733a313a2231223b6c6f676765645f696e7c623a313b),
('92dkgpubp552vadkqqtbg3hg9ec8v6qg', '127.0.0.1', 1707278327, 0x5f5f63695f6c6173745f726567656e65726174657c693a313730373237383332373b6c6f67696e5f69647c733a313a2231223b6c6f67696e5f6e616d657c733a353a2261646d696e223b6c6f67696e5f656d706e616d657c733a32363a22536563726574617269612c2052696e6f20526579205461706120223b6c6f67696e5f656d7069647c733a31303a2230333434372d32303233223b6c6f67696e5f656d70706f737c733a31393a2253797374656d2050726f6772616d6d65722049223b6c6f67696e5f656d70646570747c733a32323a22496e666f726d6174696f6e20546563686e6f6c6f6779223b6c6f67696e5f656d7062757c733a323a22484f223b6c6f67696e5f7374617475737c733a313a2231223b6c6f67696e5f636c6173737c733a353a2241444d494e223b6c6f67696e5f706173737c733a383a2270617373776f7264223b6c6f67696e5f63647c733a32303a2253797374656d2041646d696e6973747261746f72223b707269765f666d7c733a313a2231223b707269765f7375627c733a313a2231223b707269765f7375707c733a313a2231223b707269765f75667c733a313a2231223b707269765f7377617c733a313a2231223b707269765f737761667c733a313a2231223b707269765f737761766f7c733a313a2231223b707269765f7377616d69737c733a313a2231223b707269765f7265706f7274737c733a313a2231223b707269765f7065727c733a313a2231223b707269765f706572766f7c733a313a2231223b707269765f73776161636374677c733a313a2231223b707269765f736d7c733a313a2231223b707269765f75747c733a313a2231223b707269765f75736572737c733a313a2231223b707269765f756d7c733a313a2231223b707269765f6d737c733a313a2231223b707269765f7574696c69746965737c733a313a2231223b707269765f73777c733a313a2231223b707269765f61737c733a313a2231223b6c6f676765645f696e7c623a313b),
('odk1ls61v4g4bd1slf4361evekv7jm9a', '127.0.0.1', 1707282314, 0x5f5f63695f6c6173745f726567656e65726174657c693a313730373238323331343b6c6f67696e5f69647c733a313a2231223b6c6f67696e5f6e616d657c733a353a2261646d696e223b6c6f67696e5f656d706e616d657c733a32363a22536563726574617269612c2052696e6f20526579205461706120223b6c6f67696e5f656d7069647c733a31303a2230333434372d32303233223b6c6f67696e5f656d70706f737c733a31393a2253797374656d2050726f6772616d6d65722049223b6c6f67696e5f656d70646570747c733a32323a22496e666f726d6174696f6e20546563686e6f6c6f6779223b6c6f67696e5f656d7062757c733a323a22484f223b6c6f67696e5f7374617475737c733a313a2231223b6c6f67696e5f636c6173737c733a353a2241444d494e223b6c6f67696e5f706173737c733a383a2270617373776f7264223b6c6f67696e5f63647c733a32303a2253797374656d2041646d696e6973747261746f72223b707269765f666d7c733a313a2231223b707269765f7375627c733a313a2231223b707269765f7375707c733a313a2231223b707269765f75667c733a313a2231223b707269765f7377617c733a313a2231223b707269765f737761667c733a313a2231223b707269765f737761766f7c733a313a2231223b707269765f7377616d69737c733a313a2231223b707269765f7265706f7274737c733a313a2231223b707269765f7065727c733a313a2231223b707269765f706572766f7c733a313a2231223b707269765f73776161636374677c733a313a2231223b707269765f736d7c733a313a2231223b707269765f75747c733a313a2231223b707269765f75736572737c733a313a2231223b707269765f756d7c733a313a2231223b707269765f6d737c733a313a2231223b707269765f7574696c69746965737c733a313a2231223b707269765f73777c733a313a2231223b707269765f61737c733a313a2231223b6c6f676765645f696e7c623a313b),
('q8sv126sen0lkem1mi4ae5gvn6srbb1c', '127.0.0.1', 1707282941, 0x5f5f63695f6c6173745f726567656e65726174657c693a313730373238323934313b6c6f67696e5f69647c733a313a2231223b6c6f67696e5f6e616d657c733a353a2261646d696e223b6c6f67696e5f656d706e616d657c733a32363a22536563726574617269612c2052696e6f20526579205461706120223b6c6f67696e5f656d7069647c733a31303a2230333434372d32303233223b6c6f67696e5f656d70706f737c733a31393a2253797374656d2050726f6772616d6d65722049223b6c6f67696e5f656d70646570747c733a32323a22496e666f726d6174696f6e20546563686e6f6c6f6779223b6c6f67696e5f656d7062757c733a323a22484f223b6c6f67696e5f7374617475737c733a313a2231223b6c6f67696e5f636c6173737c733a353a2241444d494e223b6c6f67696e5f706173737c733a383a2270617373776f7264223b6c6f67696e5f63647c733a32303a2253797374656d2041646d696e6973747261746f72223b707269765f666d7c733a313a2231223b707269765f7375627c733a313a2231223b707269765f7375707c733a313a2231223b707269765f75667c733a313a2231223b707269765f7377617c733a313a2231223b707269765f737761667c733a313a2231223b707269765f737761766f7c733a313a2231223b707269765f7377616d69737c733a313a2231223b707269765f7265706f7274737c733a313a2231223b707269765f7065727c733a313a2231223b707269765f706572766f7c733a313a2231223b707269765f73776161636374677c733a313a2231223b707269765f736d7c733a313a2231223b707269765f75747c733a313a2231223b707269765f75736572737c733a313a2231223b707269765f756d7c733a313a2231223b707269765f6d737c733a313a2231223b707269765f7574696c69746965737c733a313a2231223b707269765f73777c733a313a2231223b707269765f61737c733a313a2231223b6c6f676765645f696e7c623a313b),
('cas876fftn96p5j9c8ojkskd1kqvagf2', '127.0.0.1', 1707283257, 0x5f5f63695f6c6173745f726567656e65726174657c693a313730373238333235373b6c6f67696e5f69647c733a313a2231223b6c6f67696e5f6e616d657c733a353a2261646d696e223b6c6f67696e5f656d706e616d657c733a32363a22536563726574617269612c2052696e6f20526579205461706120223b6c6f67696e5f656d7069647c733a31303a2230333434372d32303233223b6c6f67696e5f656d70706f737c733a31393a2253797374656d2050726f6772616d6d65722049223b6c6f67696e5f656d70646570747c733a32323a22496e666f726d6174696f6e20546563686e6f6c6f6779223b6c6f67696e5f656d7062757c733a323a22484f223b6c6f67696e5f7374617475737c733a313a2231223b6c6f67696e5f636c6173737c733a353a2241444d494e223b6c6f67696e5f706173737c733a383a2270617373776f7264223b6c6f67696e5f63647c733a32303a2253797374656d2041646d696e6973747261746f72223b707269765f666d7c733a313a2231223b707269765f7375627c733a313a2231223b707269765f7375707c733a313a2231223b707269765f75667c733a313a2231223b707269765f7377617c733a313a2231223b707269765f737761667c733a313a2231223b707269765f737761766f7c733a313a2231223b707269765f7377616d69737c733a313a2231223b707269765f7265706f7274737c733a313a2231223b707269765f7065727c733a313a2231223b707269765f706572766f7c733a313a2231223b707269765f73776161636374677c733a313a2231223b707269765f736d7c733a313a2231223b707269765f75747c733a313a2231223b707269765f75736572737c733a313a2231223b707269765f756d7c733a313a2231223b707269765f6d737c733a313a2231223b707269765f7574696c69746965737c733a313a2231223b707269765f73777c733a313a2231223b707269765f61737c733a313a2231223b6c6f676765645f696e7c623a313b),
('gpup038lqplc55h18iu3lu5045nue5r3', '127.0.0.1', 1707283558, 0x5f5f63695f6c6173745f726567656e65726174657c693a313730373238333535383b6c6f67696e5f69647c733a313a2231223b6c6f67696e5f6e616d657c733a353a2261646d696e223b6c6f67696e5f656d706e616d657c733a32363a22536563726574617269612c2052696e6f20526579205461706120223b6c6f67696e5f656d7069647c733a31303a2230333434372d32303233223b6c6f67696e5f656d70706f737c733a31393a2253797374656d2050726f6772616d6d65722049223b6c6f67696e5f656d70646570747c733a32323a22496e666f726d6174696f6e20546563686e6f6c6f6779223b6c6f67696e5f656d7062757c733a323a22484f223b6c6f67696e5f7374617475737c733a313a2231223b6c6f67696e5f636c6173737c733a353a2241444d494e223b6c6f67696e5f706173737c733a383a2270617373776f7264223b6c6f67696e5f63647c733a32303a2253797374656d2041646d696e6973747261746f72223b707269765f666d7c733a313a2231223b707269765f7375627c733a313a2231223b707269765f7375707c733a313a2231223b707269765f75667c733a313a2231223b707269765f7377617c733a313a2231223b707269765f737761667c733a313a2231223b707269765f737761766f7c733a313a2231223b707269765f7377616d69737c733a313a2231223b707269765f7265706f7274737c733a313a2231223b707269765f7065727c733a313a2231223b707269765f706572766f7c733a313a2231223b707269765f73776161636374677c733a313a2231223b707269765f736d7c733a313a2231223b707269765f75747c733a313a2231223b707269765f75736572737c733a313a2231223b707269765f756d7c733a313a2231223b707269765f6d737c733a313a2231223b707269765f7574696c69746965737c733a313a2231223b707269765f73777c733a313a2231223b707269765f61737c733a313a2231223b6c6f676765645f696e7c623a313b),
('ll6sh72hrnn2lbl49ohguj6kfpesk8nu', '127.0.0.1', 1707283913, 0x5f5f63695f6c6173745f726567656e65726174657c693a313730373238333931333b6c6f67696e5f69647c733a313a2231223b6c6f67696e5f6e616d657c733a353a2261646d696e223b6c6f67696e5f656d706e616d657c733a32363a22536563726574617269612c2052696e6f20526579205461706120223b6c6f67696e5f656d7069647c733a31303a2230333434372d32303233223b6c6f67696e5f656d70706f737c733a31393a2253797374656d2050726f6772616d6d65722049223b6c6f67696e5f656d70646570747c733a32323a22496e666f726d6174696f6e20546563686e6f6c6f6779223b6c6f67696e5f656d7062757c733a323a22484f223b6c6f67696e5f7374617475737c733a313a2231223b6c6f67696e5f636c6173737c733a353a2241444d494e223b6c6f67696e5f706173737c733a383a2270617373776f7264223b6c6f67696e5f63647c733a32303a2253797374656d2041646d696e6973747261746f72223b707269765f666d7c733a313a2231223b707269765f7375627c733a313a2231223b707269765f7375707c733a313a2231223b707269765f75667c733a313a2231223b707269765f7377617c733a313a2231223b707269765f737761667c733a313a2231223b707269765f737761766f7c733a313a2231223b707269765f7377616d69737c733a313a2231223b707269765f7265706f7274737c733a313a2231223b707269765f7065727c733a313a2231223b707269765f706572766f7c733a313a2231223b707269765f73776161636374677c733a313a2231223b707269765f736d7c733a313a2231223b707269765f75747c733a313a2231223b707269765f75736572737c733a313a2231223b707269765f756d7c733a313a2231223b707269765f6d737c733a313a2231223b707269765f7574696c69746965737c733a313a2231223b707269765f73777c733a313a2231223b707269765f61737c733a313a2231223b6c6f676765645f696e7c623a313b),
('na80kubciju90lmggcln0j3h97ab92d7', '127.0.0.1', 1707284820, 0x5f5f63695f6c6173745f726567656e65726174657c693a313730373238343832303b6c6f67696e5f69647c733a313a2231223b6c6f67696e5f6e616d657c733a353a2261646d696e223b6c6f67696e5f656d706e616d657c733a32363a22536563726574617269612c2052696e6f20526579205461706120223b6c6f67696e5f656d7069647c733a31303a2230333434372d32303233223b6c6f67696e5f656d70706f737c733a31393a2253797374656d2050726f6772616d6d65722049223b6c6f67696e5f656d70646570747c733a32323a22496e666f726d6174696f6e20546563686e6f6c6f6779223b6c6f67696e5f656d7062757c733a323a22484f223b6c6f67696e5f7374617475737c733a313a2231223b6c6f67696e5f636c6173737c733a353a2241444d494e223b6c6f67696e5f706173737c733a383a2270617373776f7264223b6c6f67696e5f63647c733a32303a2253797374656d2041646d696e6973747261746f72223b707269765f666d7c733a313a2231223b707269765f7375627c733a313a2231223b707269765f7375707c733a313a2231223b707269765f75667c733a313a2231223b707269765f7377617c733a313a2231223b707269765f737761667c733a313a2231223b707269765f737761766f7c733a313a2231223b707269765f7377616d69737c733a313a2231223b707269765f7265706f7274737c733a313a2231223b707269765f7065727c733a313a2231223b707269765f706572766f7c733a313a2231223b707269765f73776161636374677c733a313a2231223b707269765f736d7c733a313a2231223b707269765f75747c733a313a2231223b707269765f75736572737c733a313a2231223b707269765f756d7c733a313a2231223b707269765f6d737c733a313a2231223b707269765f7574696c69746965737c733a313a2231223b707269765f73777c733a313a2231223b707269765f61737c733a313a2231223b6c6f676765645f696e7c623a313b),
('4j8irqued9lo1n55juo3p6igdff0n455', '127.0.0.1', 1707294382, 0x5f5f63695f6c6173745f726567656e65726174657c693a313730373239343338323b6c6f67696e5f69647c733a313a2231223b6c6f67696e5f6e616d657c733a353a2261646d696e223b6c6f67696e5f656d706e616d657c733a32363a22536563726574617269612c2052696e6f20526579205461706120223b6c6f67696e5f656d7069647c733a31303a2230333434372d32303233223b6c6f67696e5f656d70706f737c733a31393a2253797374656d2050726f6772616d6d65722049223b6c6f67696e5f656d70646570747c733a32323a22496e666f726d6174696f6e20546563686e6f6c6f6779223b6c6f67696e5f656d7062757c733a323a22484f223b6c6f67696e5f7374617475737c733a313a2231223b6c6f67696e5f636c6173737c733a353a2241444d494e223b6c6f67696e5f706173737c733a383a2270617373776f7264223b6c6f67696e5f63647c733a32303a2253797374656d2041646d696e6973747261746f72223b707269765f666d7c733a313a2231223b707269765f7375627c733a313a2231223b707269765f7375707c733a313a2231223b707269765f75667c733a313a2231223b707269765f7377617c733a313a2231223b707269765f737761667c733a313a2231223b707269765f737761766f7c733a313a2231223b707269765f7377616d69737c733a313a2231223b707269765f7265706f7274737c733a313a2231223b707269765f7065727c733a313a2231223b707269765f706572766f7c733a313a2231223b707269765f73776161636374677c733a313a2231223b707269765f736d7c733a313a2231223b707269765f75747c733a313a2231223b707269765f75736572737c733a313a2231223b707269765f756d7c733a313a2231223b707269765f6d737c733a313a2231223b707269765f7574696c69746965737c733a313a2231223b707269765f73777c733a313a2231223b707269765f61737c733a313a2231223b6c6f676765645f696e7c623a313b),
('e1ovpo7v9ero57d8b9lea23h7e9t8hpj', '127.0.0.1', 1707298142, 0x5f5f63695f6c6173745f726567656e65726174657c693a313730373239383134323b6c6f67696e5f69647c733a313a2231223b6c6f67696e5f6e616d657c733a353a2261646d696e223b6c6f67696e5f656d706e616d657c733a32363a22536563726574617269612c2052696e6f20526579205461706120223b6c6f67696e5f656d7069647c733a31303a2230333434372d32303233223b6c6f67696e5f656d70706f737c733a31393a2253797374656d2050726f6772616d6d65722049223b6c6f67696e5f656d70646570747c733a32323a22496e666f726d6174696f6e20546563686e6f6c6f6779223b6c6f67696e5f656d7062757c733a323a22484f223b6c6f67696e5f7374617475737c733a313a2231223b6c6f67696e5f636c6173737c733a353a2241444d494e223b6c6f67696e5f706173737c733a383a2270617373776f7264223b6c6f67696e5f63647c733a32303a2253797374656d2041646d696e6973747261746f72223b707269765f666d7c733a313a2231223b707269765f7375627c733a313a2231223b707269765f7375707c733a313a2231223b707269765f75667c733a313a2231223b707269765f7377617c733a313a2231223b707269765f737761667c733a313a2231223b707269765f737761766f7c733a313a2231223b707269765f7377616d69737c733a313a2231223b707269765f7265706f7274737c733a313a2231223b707269765f7065727c733a313a2231223b707269765f706572766f7c733a313a2231223b707269765f73776161636374677c733a313a2231223b707269765f736d7c733a313a2231223b707269765f75747c733a313a2231223b707269765f75736572737c733a313a2231223b707269765f756d7c733a313a2231223b707269765f6d737c733a313a2231223b707269765f7574696c69746965737c733a313a2231223b707269765f73777c733a313a2231223b707269765f61737c733a313a2231223b6c6f676765645f696e7c623a313b),
('lbctova5g6n39bmu5o19qs5fbs9c4k7j', '127.0.0.1', 1707298569, 0x5f5f63695f6c6173745f726567656e65726174657c693a313730373239383536393b6c6f67696e5f69647c733a313a2231223b6c6f67696e5f6e616d657c733a353a2261646d696e223b6c6f67696e5f656d706e616d657c733a32363a22536563726574617269612c2052696e6f20526579205461706120223b6c6f67696e5f656d7069647c733a31303a2230333434372d32303233223b6c6f67696e5f656d70706f737c733a31393a2253797374656d2050726f6772616d6d65722049223b6c6f67696e5f656d70646570747c733a32323a22496e666f726d6174696f6e20546563686e6f6c6f6779223b6c6f67696e5f656d7062757c733a323a22484f223b6c6f67696e5f7374617475737c733a313a2231223b6c6f67696e5f636c6173737c733a353a2241444d494e223b6c6f67696e5f706173737c733a383a2270617373776f7264223b6c6f67696e5f63647c733a32303a2253797374656d2041646d696e6973747261746f72223b707269765f666d7c733a313a2231223b707269765f7375627c733a313a2231223b707269765f7375707c733a313a2231223b707269765f75667c733a313a2231223b707269765f7377617c733a313a2231223b707269765f737761667c733a313a2231223b707269765f737761766f7c733a313a2231223b707269765f7377616d69737c733a313a2231223b707269765f7265706f7274737c733a313a2231223b707269765f7065727c733a313a2231223b707269765f706572766f7c733a313a2231223b707269765f73776161636374677c733a313a2231223b707269765f736d7c733a313a2231223b707269765f75747c733a313a2231223b707269765f75736572737c733a313a2231223b707269765f756d7c733a313a2231223b707269765f6d737c733a313a2231223b707269765f7574696c69746965737c733a313a2231223b707269765f73777c733a313a2231223b707269765f61737c733a313a2231223b6c6f676765645f696e7c623a313b),
('c89jc625tl48qh3du08n85n9qbp35vq9', '127.0.0.1', 1707298618, 0x5f5f63695f6c6173745f726567656e65726174657c693a313730373239383536393b6c6f67696e5f69647c733a313a2231223b6c6f67696e5f6e616d657c733a353a2261646d696e223b6c6f67696e5f656d706e616d657c733a32363a22536563726574617269612c2052696e6f20526579205461706120223b6c6f67696e5f656d7069647c733a31303a2230333434372d32303233223b6c6f67696e5f656d70706f737c733a31393a2253797374656d2050726f6772616d6d65722049223b6c6f67696e5f656d70646570747c733a32323a22496e666f726d6174696f6e20546563686e6f6c6f6779223b6c6f67696e5f656d7062757c733a323a22484f223b6c6f67696e5f7374617475737c733a313a2231223b6c6f67696e5f636c6173737c733a353a2241444d494e223b6c6f67696e5f706173737c733a383a2270617373776f7264223b6c6f67696e5f63647c733a32303a2253797374656d2041646d696e6973747261746f72223b707269765f666d7c733a313a2231223b707269765f7375627c733a313a2231223b707269765f7375707c733a313a2231223b707269765f75667c733a313a2231223b707269765f7377617c733a313a2231223b707269765f737761667c733a313a2231223b707269765f737761766f7c733a313a2231223b707269765f7377616d69737c733a313a2231223b707269765f7265706f7274737c733a313a2231223b707269765f7065727c733a313a2231223b707269765f706572766f7c733a313a2231223b707269765f73776161636374677c733a313a2231223b707269765f736d7c733a313a2231223b707269765f75747c733a313a2231223b707269765f75736572737c733a313a2231223b707269765f756d7c733a313a2231223b707269765f6d737c733a313a2231223b707269765f7574696c69746965737c733a313a2231223b707269765f73777c733a313a2231223b707269765f61737c733a313a2231223b6c6f676765645f696e7c623a313b);

-- --------------------------------------------------------

--
-- Table structure for table `class_tbl`
--

CREATE TABLE `class_tbl` (
  `CID` int NOT NULL,
  `CLASS` varchar(50) NOT NULL,
  `DESCRIPTION` varchar(100) NOT NULL,
  `fileMaintenance` tinyint NOT NULL DEFAULT '1',
  `subsidiary` tinyint NOT NULL DEFAULT '1',
  `supplier` tinyint NOT NULL DEFAULT '1',
  `userFiltering` tinyint NOT NULL DEFAULT '1',
  `swa` tinyint NOT NULL DEFAULT '1',
  `swaForm` tinyint NOT NULL DEFAULT '1',
  `swaVo` tinyint NOT NULL DEFAULT '1',
  `swaMis` tinyint NOT NULL DEFAULT '1',
  `swaReports` tinyint NOT NULL DEFAULT '0',
  `per` tinyint NOT NULL DEFAULT '1',
  `perVo` tinyint NOT NULL DEFAULT '1',
  `swaAcctg` tinyint NOT NULL DEFAULT '1',
  `systemManager` tinyint NOT NULL DEFAULT '1',
  `userType` tinyint NOT NULL DEFAULT '1',
  `systemUser` tinyint NOT NULL DEFAULT '1',
  `userMenu` tinyint NOT NULL DEFAULT '1',
  `menuSetting` tinyint NOT NULL DEFAULT '1',
  `systemUtilities` tinyint NOT NULL DEFAULT '1',
  `systemWallpaper` tinyint NOT NULL DEFAULT '1',
  `aboutSystem` tinyint NOT NULL DEFAULT '1',
  `CREATION_DATE` timestamp NOT NULL DEFAULT CURRENT_TIMESTAMP,
  `DATE_UPDATED` timestamp NOT NULL DEFAULT CURRENT_TIMESTAMP ON UPDATE CURRENT_TIMESTAMP
) ENGINE=InnoDB DEFAULT CHARSET=utf8mb4 COLLATE=utf8mb4_0900_ai_ci;

--
-- Dumping data for table `class_tbl`
--

INSERT INTO `class_tbl` (`CID`, `CLASS`, `DESCRIPTION`, `fileMaintenance`, `subsidiary`, `supplier`, `userFiltering`, `swa`, `swaForm`, `swaVo`, `swaMis`, `swaReports`, `per`, `perVo`, `swaAcctg`, `systemManager`, `userType`, `systemUser`, `userMenu`, `menuSetting`, `systemUtilities`, `systemWallpaper`, `aboutSystem`, `CREATION_DATE`, `DATE_UPDATED`) VALUES
(36, 'IAD', 'Internal Audit', 0, 0, 0, 0, 1, 1, 1, 0, 1, 1, 1, 0, 0, 0, 0, 0, 0, 1, 1, 1, '2023-10-17 08:01:29', '2024-02-07 02:30:40'),
(37, 'ACCTG', 'Accounting', 0, 0, 0, 0, 1, 1, 1, 0, 0, 0, 1, 1, 0, 0, 0, 0, 0, 1, 1, 1, '2023-10-17 08:01:50', '2024-01-23 01:52:16'),
(38, 'ADMIN', 'System Administrator', 1, 1, 1, 1, 1, 1, 1, 1, 1, 1, 1, 1, 1, 1, 1, 1, 1, 1, 1, 1, '2023-10-17 08:02:02', '2024-02-07 02:41:41'),
(39, 'IT-HEAD', 'IT', 0, 0, 0, 0, 1, 0, 1, 0, 0, 0, 1, 0, 0, 0, 0, 0, 0, 1, 1, 1, '2023-10-17 08:02:12', '2024-01-23 01:53:36'),
(41, 'MIS 2', 'MIS 2', 0, 0, 0, 0, 1, 0, 1, 1, 0, 0, 1, 0, 0, 0, 0, 0, 0, 1, 1, 1, '2023-10-17 08:02:24', '2024-01-23 01:59:26'),
(43, 'SYSMGR', 'System Manager', 1, 1, 1, 0, 0, 0, 0, 0, 0, 0, 0, 0, 1, 1, 1, 1, 1, 1, 1, 1, '2023-10-17 08:12:14', '2024-01-23 02:05:12'),
(52, 'MIS1', 'MIS1', 0, 0, 0, 0, 1, 0, 1, 0, 0, 0, 1, 0, 0, 0, 0, 0, 0, 1, 1, 1, '2023-11-23 03:40:27', '2024-01-24 10:17:00');

-- --------------------------------------------------------

--
-- Table structure for table `per_details_tbl`
--

CREATE TABLE `per_details_tbl` (
  `PER_DETAIL_ID` int NOT NULL,
  `PER_ID` int NOT NULL,
  `PER_QUANTITY` int NOT NULL,
  `PER_UNIT` int NOT NULL,
  `PER_ITEM_DESCRIPTION` varchar(255) NOT NULL,
  `PER_ACTUAL_EXECUTE_QTY` int NOT NULL,
  `PER_UNUSED_ALLOCATION` int NOT NULL,
  `CREATION_DATE` timestamp NOT NULL DEFAULT CURRENT_TIMESTAMP
) ENGINE=InnoDB DEFAULT CHARSET=utf8mb4 COLLATE=utf8mb4_0900_ai_ci;

-- --------------------------------------------------------

--
-- Table structure for table `per_tbl`
--

CREATE TABLE `per_tbl` (
  `PER_ID` int NOT NULL,
  `SWA_ID` int NOT NULL,
  `PER_SPONSOR` varchar(199) NOT NULL,
  `PER_CONTROL_NO` int NOT NULL,
  `PER_SUMMARY` text NOT NULL,
  `PER_REMARK` text NOT NULL,
  `PER_SUBMIT_BY` varchar(199) NOT NULL,
  `PER_SUBMIT_BY_DATE` date NOT NULL,
  `PER_REVIEW_BY` varchar(199) NOT NULL,
  `PER_REVIEW_BY_DATE` date NOT NULL,
  `PER_AUDIT_BY` varchar(199) NOT NULL,
  `PER_AUDIT_BY_DATE` date NOT NULL,
  `PER_NOTE_BY` varchar(199) NOT NULL,
  `PER_NOTE_BY_DATE` date NOT NULL,
  `DATE_CREATED` timestamp NOT NULL DEFAULT CURRENT_TIMESTAMP
) ENGINE=InnoDB DEFAULT CHARSET=utf8mb4 COLLATE=utf8mb4_0900_ai_ci;

-- --------------------------------------------------------

--
-- Table structure for table `sub_tbl`
--

CREATE TABLE `sub_tbl` (
  `ID` int NOT NULL,
  `CODE` varchar(100) CHARACTER SET latin1 COLLATE latin1_swedish_ci NOT NULL,
  `DESCRIPTION` varchar(100) CHARACTER SET latin1 COLLATE latin1_swedish_ci NOT NULL,
  `CREATION_DATE` timestamp NOT NULL DEFAULT CURRENT_TIMESTAMP,
  `DATE_UPDATED` timestamp NOT NULL DEFAULT CURRENT_TIMESTAMP ON UPDATE CURRENT_TIMESTAMP
) ENGINE=InnoDB DEFAULT CHARSET=latin1;

--
-- Dumping data for table `sub_tbl`
--

INSERT INTO `sub_tbl` (`ID`, `CODE`, `DESCRIPTION`, `CREATION_DATE`, `DATE_UPDATED`) VALUES
(105, 'AHSM', 'A.H. SHOPPERS MART', '2024-02-01 05:27:28', '2024-02-01 05:27:28'),
(106, 'ACM', 'ACM MINIMART', '2024-02-01 05:27:47', '2024-02-01 05:27:47'),
(107, 'CEB', 'AGC CEBU OFFICE', '2024-02-01 05:27:58', '2024-02-01 05:27:58'),
(108, 'ALTA CITTA', 'ALTA CITTA', '2024-02-01 05:28:11', '2024-02-01 05:28:11'),
(109, 'AGS', 'ALTURAS GLASS SERVICE', '2024-02-01 05:28:31', '2024-02-01 05:28:31'),
(110, 'ASC-TUB', 'ALTURAS TUBIGON', '2024-02-01 05:28:44', '2024-02-01 05:28:44'),
(111, 'A1-ASC', 'ASC-A1 DESK', '2024-02-01 05:28:57', '2024-02-01 05:28:57'),
(112, 'ASC-TAL', 'ASC-TALIBON', '2024-02-01 05:29:14', '2024-02-01 05:29:14'),
(113, 'ASC-GROC', 'ASC-MAIN GROCERY', '2024-02-01 05:29:35', '2024-02-01 05:29:35'),
(114, 'ASC-MAIN', 'ASC-MAIN PHARMACY', '2024-02-01 05:29:52', '2024-02-01 05:29:52'),
(115, 'CDC BNDL', 'CDC-BUNDLING AREA', '2024-02-01 05:30:22', '2024-02-01 05:30:22'),
(116, 'CDC-FRA', 'CDC-FLOWRACK', '2024-02-01 05:30:34', '2024-02-01 05:30:34'),
(117, 'CDC-RACK', 'CDC-RACKING', '2024-02-01 05:30:44', '2024-02-01 05:30:44'),
(118, 'COLC', 'COLONNADE COLON', '2024-02-01 05:30:59', '2024-02-01 05:30:59'),
(119, 'COLMAN', 'COLLONADE MANDAUE', '2024-02-01 05:31:11', '2024-02-01 05:31:11'),
(120, 'GGM', 'CORP. GROCERY PURCHASING', '2024-02-01 05:31:29', '2024-02-01 05:31:29'),
(121, 'HRD', 'CORP. HUMAN RESOURCE DEPT', '2024-02-01 05:31:45', '2024-02-01 05:31:45'),
(122, 'CORP', 'CORPORATE MARKETING', '2024-02-01 05:31:57', '2024-02-01 05:31:57'),
(123, 'ICM', 'ICM-PHARMACY', '2024-02-01 05:32:23', '2024-02-01 05:32:23'),
(124, 'ICM-GROC', 'ICM GROCERY', '2024-02-01 05:32:40', '2024-02-01 05:32:40'),
(125, 'A1 CARD', 'ICM-A1 DESK', '2024-02-01 05:32:52', '2024-02-01 05:32:52'),
(126, 'STOCKROOM', 'ICM-SUPERMARKET STOCKROOM', '2024-02-01 05:33:07', '2024-02-01 05:33:07'),
(127, 'LDI', 'LEONARDO DISTRIBUTOR INC.', '2024-02-01 05:33:24', '2024-02-01 05:33:24'),
(128, 'MKT', 'MARKETING', '2024-02-01 05:33:37', '2024-02-01 05:33:37'),
(129, 'PHARMA', 'PHARMA DC', '2024-02-01 05:33:55', '2024-02-01 05:33:55'),
(130, 'PHARMA GRP', 'PHARMACY GROUP', '2024-02-01 05:34:10', '2024-02-01 05:34:10'),
(131, 'PM', 'PLAZA MARCELA', '2024-02-01 05:34:21', '2024-02-01 05:34:21'),
(132, 'PM-GROC', 'PLAZA MARCELA-GROCERY', '2024-02-01 05:34:37', '2024-02-01 05:34:37'),
(133, 'PM-PHARMA', 'PLAZA MARCELA-PHARMACY', '2024-02-01 05:34:51', '2024-02-01 05:34:51'),
(134, 'WDG', 'WHOLESALE DIST. GROUP', '2024-02-01 05:35:20', '2024-02-01 05:35:20'),
(135, 'WHOLE', 'WHOLESALE PHARMA', '2024-02-01 05:35:32', '2024-02-01 05:35:32'),
(136, 'UNILEVER', 'UNILEVER PHIL. INC - C/O AGENCY', '2024-02-01 05:35:58', '2024-02-01 05:35:58'),
(137, 'UDC', 'UBAY DISTRIBUTION CENTER', '2024-02-01 05:36:15', '2024-02-01 05:36:15');

-- --------------------------------------------------------

--
-- Table structure for table `sup_tbl`
--

CREATE TABLE `sup_tbl` (
  `ID` int NOT NULL,
  `CODE` varchar(15) NOT NULL,
  `NAME` varchar(100) NOT NULL,
  `ADDRESS` varchar(100) NOT NULL,
  `CONTACT_PERSON` varchar(100) NOT NULL,
  `PHONE_NO` int NOT NULL,
  `TEL_NO` int NOT NULL,
  `CREATION_DATE` timestamp NOT NULL DEFAULT CURRENT_TIMESTAMP,
  `DATE_UPDATED` timestamp NOT NULL DEFAULT CURRENT_TIMESTAMP ON UPDATE CURRENT_TIMESTAMP
) ENGINE=InnoDB DEFAULT CHARSET=latin1;

--
-- Dumping data for table `sup_tbl`
--

INSERT INTO `sup_tbl` (`ID`, `CODE`, `NAME`, `ADDRESS`, `CONTACT_PERSON`, `PHONE_NO`, `TEL_NO`, `CREATION_DATE`, `DATE_UPDATED`) VALUES
(59, 'S5027', '888 FOOD PRODUCTS', 'DASDASDSDA', 'DASDASDADAS', 12321312, 0, '2024-02-01 05:38:36', '2024-02-01 05:38:36'),
(60, 'S5357', 'A LAND INDUSTRIES', 'AS', 'AS', 1231232, 0, '2024-02-01 05:39:09', '2024-02-01 05:39:09'),
(61, 'S5626', 'AAA PHARMA INC', 'NA', 'NA', 0, 0, '2024-02-01 05:39:31', '2024-02-01 05:39:31'),
(62, 'FM5202', 'AKAI FOODS INC.', 'NA', 'NA', 0, 0, '2024-02-01 05:39:55', '2024-02-01 05:39:55'),
(63, 'ISM-009', 'ICM FRESH MARKET', 'NA', 'NA', 0, 0, '2024-02-01 05:40:28', '2024-02-01 05:40:28'),
(64, 'ISM-001', 'ICM HOME AND FASHION', 'NA', 'NA', 0, 0, '2024-02-01 05:40:48', '2024-02-01 05:40:48'),
(65, 'S6559', 'PURE GOLD DUTY FREE INC', 'NA', 'NA', 0, 0, '2024-02-01 05:41:24', '2024-02-01 05:41:24'),
(66, 'S6139', 'SAN MIGUEL CORPORATION', 'NA', 'NA', 0, 0, '2024-02-01 05:42:07', '2024-02-01 05:42:07');

-- --------------------------------------------------------

--
-- Table structure for table `swa_details_tbl`
--

CREATE TABLE `swa_details_tbl` (
  `SWA_DETAIL_ID` int NOT NULL,
  `SWA_ID` int NOT NULL,
  `SWA_QUANTITY` int NOT NULL,
  `SWA_UNIT` varchar(25) NOT NULL,
  `SWA_DESCRIPTION` varchar(255) NOT NULL,
  `SWA_UNIT_COST` float NOT NULL,
  `SWA_AMOUNT` float NOT NULL,
  `SWA_TOTAL` float DEFAULT NULL,
  `CREATION_DATE` timestamp NULL DEFAULT CURRENT_TIMESTAMP
) ENGINE=InnoDB DEFAULT CHARSET=utf8mb4 COLLATE=utf8mb4_0900_ai_ci;

--
-- Dumping data for table `swa_details_tbl`
--

INSERT INTO `swa_details_tbl` (`SWA_DETAIL_ID`, `SWA_ID`, `SWA_QUANTITY`, `SWA_UNIT`, `SWA_DESCRIPTION`, `SWA_UNIT_COST`, `SWA_AMOUNT`, `SWA_TOTAL`, `CREATION_DATE`) VALUES
(1, 19, 12, '12', 'sadasdasd', 12, 12, NULL, '2023-12-22 01:59:08'),
(2, 19, 42, '124', 'dasd', 412, 1242, NULL, '2023-12-22 01:59:08'),
(3, 19, 1, '2', 'dfasdas', 3, 342, NULL, '2023-12-22 01:59:08'),
(5, 20, 213, '2312', 'asdasdsad', 213, 21341, NULL, '2023-12-22 01:59:08'),
(6, 20, 213, '21', 'sdasda', 2, 412, NULL, '2023-12-22 01:59:08'),
(7, 21, 231, '231', 'asdadasdas', 21, 2324, NULL, '2023-12-27 07:43:41'),
(8, 22, 12, '342', 'Paracetamol', 21, 421, NULL, '2023-12-27 10:11:31'),
(9, 22, 52, '231', 'Bactydol', 12, 241, NULL, '2023-12-27 10:11:31'),
(10, 23, 123, '23', 'sdasdad', 12, 234, NULL, '2024-01-04 09:53:43'),
(11, 24, 0, '0', '', 0, 0, NULL, '2024-01-09 01:15:20'),
(12, 25, 231, '0', 'ssdadasdasdasdas', 23, 23123200, NULL, '2024-01-09 02:02:55'),
(13, 26, 0, '0', '', 0, 0, NULL, '2024-01-15 05:25:26'),
(14, 27, 0, '0', '', 0, 0, NULL, '2024-01-15 10:00:35'),
(15, 28, 0, '0', '', 0, 0, NULL, '2024-01-15 10:02:40'),
(16, 29, 0, '0', '', 0, 0, NULL, '2024-01-16 00:58:07'),
(17, 30, 0, '0', '', 0, 0, NULL, '2024-01-16 01:04:19'),
(18, 31, 0, '0', '', 0, 0, NULL, '2024-01-16 01:04:46'),
(19, 32, 0, '0', '', 0, 0, NULL, '2024-01-16 01:09:58'),
(20, 33, 0, '0', '', 0, 0, NULL, '2024-01-16 01:17:14'),
(21, 34, 0, '0', '', 0, 0, NULL, '2024-01-16 01:18:17'),
(22, 35, 0, '0', '', 0, 0, NULL, '2024-01-16 01:20:06'),
(23, 36, 0, '0', '', 0, 0, NULL, '2024-01-16 01:20:22'),
(24, 37, 0, '0', '', 0, 0, NULL, '2024-01-16 01:23:10'),
(25, 38, 0, '0', '', 0, 0, NULL, '2024-01-16 01:27:53'),
(26, 39, 123, '3', 'asdasd', 12, 12, NULL, '2024-01-16 01:47:26'),
(27, 39, 23, '2', 'sdas', 2, 242, NULL, '2024-01-16 01:47:26'),
(28, 44, 12, '12', 'dsadasds', 12, 2421, NULL, '2024-01-16 02:40:20'),
(29, 45, 12, '2', 'dasdas', 21, 224, NULL, '2024-01-16 03:02:44'),
(30, 46, 12, '0', 'sdasdas', 2, 24, NULL, '2024-01-16 03:06:06'),
(31, 47, 12, '0', 'sdasdas', 2, 24, NULL, '2024-01-16 03:07:18'),
(32, 87, 2, '0', 'sadasdsadasd', 21, 0, NULL, '2024-01-18 01:32:08'),
(33, 87, 2, '0', '', 0, 0, NULL, '2024-01-18 01:32:08'),
(34, 104, 12, '0', 'dasdasdsa', 12, 21, NULL, '2024-01-18 06:12:50'),
(35, 104, 21, '0', 'dsadasd', 12, 232, NULL, '2024-01-18 06:12:50'),
(36, 134, 12, '21', 'dasdasds', 12, 21, NULL, '2024-01-22 01:50:18'),
(37, 134, 213, '23', 'asdasdas', 23, 12312, NULL, '2024-01-22 01:50:18'),
(38, 134, 21, '12', 'dasds', 0, 0, NULL, '2024-01-22 01:50:18'),
(39, 135, 12, '12', 'sdasdas', 12, 12, NULL, '2024-01-22 01:53:39'),
(40, 135, 1212, '1212', 'sadasd', 12, 123, NULL, '2024-01-22 01:53:39'),
(41, 135, 213, '23', 'sadasd', 2, 2341, NULL, '2024-01-22 01:53:39'),
(42, 136, 12, '12', 'dadadadada', 12, 21321, NULL, '2024-01-22 01:55:27'),
(43, 139, 12, '0', 'ddasdasd', 24, 288, NULL, '2024-01-22 09:53:08'),
(44, 139, 42, '0', 'sadasdasda', 51, 2142, NULL, '2024-01-22 09:53:08'),
(45, 141, 12, '0', 'adsasdasd', 24, 288, NULL, '2024-01-22 09:56:28'),
(46, 141, 24, '0', 'sadasd', 24, 576, NULL, '2024-01-22 09:56:28'),
(47, 142, 31, '0', 'sadsadas', 24, 744, NULL, '2024-01-22 10:13:47'),
(48, 142, 41, '0', 'dsadsad', 224, 9184, NULL, '2024-01-22 10:13:47'),
(49, 144, 12, '0', 'adadasdasdas', 2412, 28944, NULL, '2024-01-24 10:21:33'),
(50, 153, 12, '0', '', 12, 144, 2534, '2024-01-30 07:13:30'),
(51, 153, 43, '0', '', 43, 1849, 2534, '2024-01-30 07:13:30'),
(76, 164, 0, 'BOXES', '', 0, 0, 276, '2024-02-02 01:07:01'),
(77, 164, 0, 'PACKS', '', 0, 0, 276, '2024-02-02 01:07:01'),
(78, 164, 12, 'PIECES', 'sdadadas', 23, 276, 276, '2024-02-02 01:07:01'),
(79, 165, 21, 'PIECES', 'sdadad', 234, 4914, 4918, '2024-02-02 02:13:41'),
(80, 165, 2, 'BOXES', 'sdadas', 2, 4, 4918, '2024-02-02 02:13:41'),
(81, 165, 341, 'PIECES', '', 0, 0, 4918, '2024-02-02 02:13:41'),
(82, 166, 1, 'PIECES', '639339 CHEESTOS PF C CHSE 55G                     ', 5.56, 5.56, 39346.4, '2024-02-02 02:19:32'),
(83, 166, 600, 'PIECES', '639338 CHEESTOS PF C CHSE 16G                     ', 20.83, 12498, 39346.4, '2024-02-02 02:19:32'),
(84, 166, 37, 'CASES', '103049 VINO KULAFU 24/350ML                       ', 636, 23532, 39346.4, '2024-02-02 02:19:32'),
(85, 166, 180, 'PACKS', '652868 QC PC CHKN CURRY 63G                       ', 8.15, 1467, 39346.4, '2024-02-02 02:19:32'),
(86, 166, 129, 'PACKS', '136946 QC P CANTON CLSC 65G                       ', 8.15, 1051.35, 39346.4, '2024-02-02 02:19:32'),
(87, 166, 36, 'PACKS', '629480 QC PC CHILIMANSI 65G                       ', 8.15, 293.4, 39346.4, '2024-02-02 02:19:32'),
(88, 166, 42, 'PACKS', '652869 QC PC BEEF CALDRTA 65G                     ', 8.15, 342.3, 39346.4, '2024-02-02 02:19:32'),
(89, 166, 8, 'PACKS', '104663 QC PC TOYO MANSI 65G                       ', 8.25, 66, 39346.4, '2024-02-02 02:19:32'),
(90, 166, 11, 'PACKS', '104662 Q CHOW CHICKEN HS 55G                      ', 8.25, 90.75, 39346.4, '2024-02-02 02:19:32'),
(91, 170, 12, 'PIECES', 'sdsadadas', 232, 2784, 2784, '2024-02-05 03:13:32'),
(92, 171, 12, 'PIECES', 'asdasdsa', 242, 2904, 13131, '2024-02-05 07:01:59'),
(93, 171, 245, 'PACKS', 'dsadasdas', 21, 5145, 13131, '2024-02-05 07:01:59'),
(94, 171, 242, 'BOXES', 'dasdasdas', 21, 5082, 13131, '2024-02-05 07:01:59'),
(95, 172, 12, 'BOXES', 'dasdasdsa', 243, 2916, 79593, '2024-02-05 07:15:02'),
(96, 172, 213, 'PIECES', 'dasdasd', 121, 25773, 79593, '2024-02-05 07:15:02'),
(97, 172, 24, 'PIECES', 'sadasdad', 2121, 50904, 79593, '2024-02-05 07:15:02'),
(98, 173, 12, 'PIECES', 'dasdasdsads', 42, 504, 504, '2024-02-06 00:29:30'),
(99, 174, 30, 'CASES', '635432 KOPIKO 78 CL 240ML', 321, 9630, 31620, '2024-02-06 02:57:07'),
(100, 174, 30, 'CASES', '702567 KOP IC BLANCA 240ML', 222, 6660, 31620, '2024-02-06 02:57:07'),
(101, 174, 30, 'CASES', '703030 KOP IC BRWN 240ML', 511, 15330, 31620, '2024-02-06 02:57:07'),
(102, 176, 12, 'BOXES', 'sdasdas', 32, 384, 384, '2024-02-07 00:25:08');

-- --------------------------------------------------------

--
-- Table structure for table `swa_tbl`
--

CREATE TABLE `swa_tbl` (
  `SWA_ID` int NOT NULL,
  `SUB_ID` int NOT NULL,
  `SUP_ID` int NOT NULL,
  `LOCATION` varchar(100) CHARACTER SET utf8mb4 COLLATE utf8mb4_0900_ai_ci DEFAULT NULL,
  `SWA_CONTROL_NO` int DEFAULT NULL,
  `SWA_TRANS_NO1` int DEFAULT NULL,
  `SWA_TRANS_NO2` int DEFAULT NULL,
  `SWA_TRANS_NO3` int DEFAULT NULL,
  `DOCUMENT_DATE` date DEFAULT NULL,
  `SWA_PER_NO` int DEFAULT NULL,
  `SWA_CRFCV_NO` int DEFAULT NULL,
  `SWA_ACCOUNTING_INSTRUCT` text CHARACTER SET utf8mb4 COLLATE utf8mb4_0900_ai_ci,
  `SWA_REMARK` text CHARACTER SET utf8mb4 COLLATE utf8mb4_0900_ai_ci,
  `SWA_REQUEST_BY` varchar(199) CHARACTER SET utf8mb4 COLLATE utf8mb4_0900_ai_ci DEFAULT NULL,
  `SWA_REQUEST_BY_DATE` date DEFAULT NULL,
  `SWA_REVIEW_BY` varchar(199) CHARACTER SET utf8mb4 COLLATE utf8mb4_0900_ai_ci DEFAULT NULL,
  `SWA_REVIEW_BY_DATE` date DEFAULT NULL,
  `SWA_APPROVE_BY` varchar(199) CHARACTER SET utf8mb4 COLLATE utf8mb4_0900_ai_ci DEFAULT NULL,
  `SWA_APPROVE_BY_DATE` date DEFAULT NULL,
  `SWA_RELEASE_BY` varchar(199) CHARACTER SET utf8mb4 COLLATE utf8mb4_0900_ai_ci DEFAULT NULL,
  `SWA_RELEASE_BY_DATE` date DEFAULT NULL,
  `SWA_RECEIVE_BY` varchar(199) CHARACTER SET utf8mb4 COLLATE utf8mb4_0900_ai_ci DEFAULT NULL,
  `SWA_RECEIVE_BY_DATE` date DEFAULT NULL,
  `SWA_PROMO_TITLE` varchar(199) CHARACTER SET utf8mb4 COLLATE utf8mb4_0900_ai_ci DEFAULT NULL,
  `SWA_PROMO_MECHANICS` text CHARACTER SET utf8mb4 COLLATE utf8mb4_0900_ai_ci,
  `SWA_PROMO_START` date DEFAULT NULL,
  `SWA_PROMO_END` date DEFAULT NULL,
  `CREATION_DATE` timestamp NOT NULL DEFAULT CURRENT_TIMESTAMP
) ENGINE=InnoDB DEFAULT CHARSET=utf8mb4 COLLATE=utf8mb4_0900_ai_ci;

--
-- Dumping data for table `swa_tbl`
--

INSERT INTO `swa_tbl` (`SWA_ID`, `SUB_ID`, `SUP_ID`, `LOCATION`, `SWA_CONTROL_NO`, `SWA_TRANS_NO1`, `SWA_TRANS_NO2`, `SWA_TRANS_NO3`, `DOCUMENT_DATE`, `SWA_PER_NO`, `SWA_CRFCV_NO`, `SWA_ACCOUNTING_INSTRUCT`, `SWA_REMARK`, `SWA_REQUEST_BY`, `SWA_REQUEST_BY_DATE`, `SWA_REVIEW_BY`, `SWA_REVIEW_BY_DATE`, `SWA_APPROVE_BY`, `SWA_APPROVE_BY_DATE`, `SWA_RELEASE_BY`, `SWA_RELEASE_BY_DATE`, `SWA_RECEIVE_BY`, `SWA_RECEIVE_BY_DATE`, `SWA_PROMO_TITLE`, `SWA_PROMO_MECHANICS`, `SWA_PROMO_START`, `SWA_PROMO_END`, `CREATION_DATE`) VALUES
(170, 109, 64, 'LDI/DSG', 0, 1211, NULL, NULL, '2024-02-05', 0, 1234, 'asdsadas', 'dadasdasd', 'adasdasd', '2024-02-09', 'dasdasdasd', '2024-02-09', 'adsadasdsa', '2024-02-13', 'asdasdasd', '2024-02-12', 'adasdasdas', '2024-02-08', 'asddasdas', 'adasdasdas', '2024-02-21', '2024-02-21', '2024-02-05 03:13:32'),
(171, 108, 63, 'LDI/DSG', 0, 3111, NULL, NULL, '2024-02-05', 0, 1234, '', '', 'dasdas', '2024-02-14', 'dssadasd', '2024-02-15', '', '0000-00-00', '', '0000-00-00', '', '0000-00-00', NULL, NULL, NULL, NULL, '2024-02-05 07:01:59'),
(172, 109, 65, 'LDI/DSG', 0, 222, NULL, NULL, '2024-02-05', 0, 1111, 'sdasdasdas', 'asdadasdda', NULL, NULL, NULL, NULL, NULL, NULL, NULL, NULL, NULL, NULL, NULL, NULL, NULL, NULL, '2024-02-05 07:15:02'),
(173, 107, 66, 'STORE', 0, 232, NULL, NULL, '2024-02-06', 0, 123, '', '', NULL, NULL, NULL, NULL, NULL, NULL, NULL, NULL, NULL, NULL, NULL, NULL, NULL, NULL, '2024-02-06 00:29:30'),
(174, 106, 65, 'WDG', 0, 211, NULL, NULL, '2024-02-06', 0, 1311, 'FREE GOODS FROM SUPPLIER', 'FOR BUY ONE TAKE ONE', 'RODANTE MADRAZO', '2024-02-15', 'JUDYAN ALDERITE', '2024-02-16', 'RAYMOND D. UY       ', '0000-00-00', '', '0000-00-00', '', '0000-00-00', 'PROMO 1', 'BUY 1 TAKE ALL', '2024-02-29', '2024-03-06', '2024-02-06 02:57:07'),
(175, 108, 60, 'WDG', 0, NULL, NULL, NULL, '2024-02-07', 0, 12341, '', '', 'secretaria, rino rey', '2024-02-15', '', '0000-00-00', '', '0000-00-00', '', '0000-00-00', '', '0000-00-00', NULL, NULL, NULL, NULL, '2024-02-07 00:23:44'),
(176, 0, 63, 'STORE', 0, NULL, NULL, NULL, '2024-02-07', 0, 123, '', '', NULL, NULL, NULL, NULL, NULL, NULL, NULL, NULL, NULL, NULL, NULL, NULL, NULL, NULL, '2024-02-07 00:25:08'),
(177, 0, 0, 'LDI/DSG', 0, NULL, NULL, NULL, '2024-02-07', 0, 123, '', '', NULL, NULL, NULL, NULL, NULL, NULL, NULL, NULL, NULL, NULL, NULL, NULL, NULL, NULL, '2024-02-07 02:45:56');

-- --------------------------------------------------------

--
-- Table structure for table `users_tbl`
--

CREATE TABLE `users_tbl` (
  `ID` int NOT NULL,
  `CLASS_ID` int NOT NULL,
  `SUB_ID` int NOT NULL,
  `USERNAME` varchar(200) CHARACTER SET latin1 COLLATE latin1_swedish_ci NOT NULL,
  `PASSWORD` varchar(100) CHARACTER SET latin1 COLLATE latin1_swedish_ci NOT NULL,
  `EMP_PHOTO` varchar(255) NOT NULL,
  `EMP_NAME` varchar(100) NOT NULL,
  `EMP_ID` varchar(100) NOT NULL,
  `EMP_POS` varchar(100) NOT NULL,
  `EMP_DEPT` varchar(100) NOT NULL,
  `EMP_BU` varchar(100) NOT NULL,
  `STATUS` int NOT NULL DEFAULT '1',
  `LOGGED_IN` tinyint NOT NULL DEFAULT '0',
  `CREATION_DATE` timestamp NOT NULL DEFAULT CURRENT_TIMESTAMP,
  `DATE_UPDATED` timestamp NOT NULL DEFAULT CURRENT_TIMESTAMP ON UPDATE CURRENT_TIMESTAMP
) ENGINE=InnoDB DEFAULT CHARSET=latin1;

--
-- Dumping data for table `users_tbl`
--

INSERT INTO `users_tbl` (`ID`, `CLASS_ID`, `SUB_ID`, `USERNAME`, `PASSWORD`, `EMP_PHOTO`, `EMP_NAME`, `EMP_ID`, `EMP_POS`, `EMP_DEPT`, `EMP_BU`, `STATUS`, `LOGGED_IN`, `CREATION_DATE`, `DATE_UPDATED`) VALUES
(1, 38, 0, 'admin', 'password', '', 'Secretaria, Rino Rey Tapa ', '03447-2023', 'System Programmer I', 'Information Technology', 'HO', 1, -1, '2023-10-24 03:36:16', '2024-01-22 05:25:35'),
(2, 43, 0, 'taskievlog', 'alturas2023', '', 'Atabay, Xavier Ulysses Dizon ', '02871-2022', 'System Programmer II', 'Information Technology', 'HO', 1, 0, '2023-10-24 03:36:27', '2023-12-20 06:44:10'),
(3, 39, 0, 'sir bayot', 'alturas2023', '', 'Paler, Joshoa Duran', '04334-2022', 'System Programmer II', 'Information Technology', 'HO', 1, 0, '2023-10-24 03:36:46', '2024-01-22 05:05:14'),
(4, 41, 0, 'saddsd', 'alturas2023', '', 'Galleros, Jomari  ', '03701-2023', 'System Programmer I', 'Information Technology', 'HO', 1, 0, '2023-10-24 03:36:56', '2023-12-20 06:44:10'),
(5, 36, 0, 'qwerty', 'alturas2023', '', 'Igcalinos, Marc Jayson Budlat', '00914-2022', 'System Programmer II', 'Information Technology', 'HO', 1, 0, '2023-10-24 03:37:11', '2024-02-05 05:29:00'),
(6, 37, 0, 'dsadasds', '123456', '', 'Potat, Ailyn Lagang', '02598-2014', 'Visual Merchandiser I', 'HOME & FASHION', 'ICM', 1, 0, '2023-10-24 07:58:00', '2024-01-29 08:07:51'),
(7, 41, 0, 'secret', '123456', '', 'Natcher, Jennifer Cuaresma', '01257-2018', 'Encoder I', 'BACKROOM DEPARTMENT', 'COL-C', 1, 0, '2023-10-25 00:23:22', '2023-12-20 06:44:10'),
(8, 37, 0, '49193-2013', '123455', '', 'Potane, Jess Aleria', '49193-2013', 'Sr Auditor', 'Internal Audit Department', 'HO', 1, 0, '2023-10-25 01:22:44', '2023-12-20 06:44:10'),
(9, 37, 0, 'dwade', 'alturas2023', '', 'Monalem, Janeth Lucip', '00608-2014', 'FA Officer', 'Fixed Asset Department', 'HO', 1, 0, '2023-10-25 01:41:59', '2023-12-27 03:52:36'),
(10, 38, 0, 'abcde', '123456', '', 'Vacunawa, Gina Ongray', '00459-2013', 'Sales Clerk', 'SUPERMARKET', 'Plaza Marcela', 1, 0, '2023-10-25 01:42:27', '2023-12-20 06:44:10'),
(11, 38, 0, '00416-2020', 'alturas2023', '', 'Caacbay, Cathyrine Razon ', '00416-2020', 'Service Staff 3', 'CENTRAL DISTRIBUTION CENTER', 'Warehouses', 1, 0, '2023-10-25 01:43:13', '2023-12-20 06:44:10'),
(12, 43, 0, '08697-2015', 'alturas2023', '', 'Taran, Ronald ', '08697-2015', 'Stock Clerk I', 'BACKROOM DEPARTMENT', 'COL-M', 1, 0, '2023-10-25 01:44:10', '2023-12-20 06:44:10'),
(13, 39, 0, '01886-2023', 'alturas2023', '', 'Sanguenza, Nico Sealtiel Regaon ', '01886-2023', 'Tech Support Technician I', 'ADMIN', 'ICM', 1, 0, '2023-10-25 01:53:39', '2023-12-20 06:44:10'),
(14, 37, 0, '02653-2019', 'alturas2023', '', 'Gamala, Sarah Jean Olaso ', '02653-2019', 'Service Staff 3', 'SUPERMARKET', 'ICM', 1, 0, '2023-10-25 01:55:42', '2023-12-20 06:44:10'),
(15, 41, 0, '14364-2013', 'alturas2023', '', 'Canada, Elora Nicel Cortidor', '14364-2013', 'Jr. Supervisor', 'Admin', 'Dressing Plant', 1, 0, '2023-10-25 01:56:11', '2023-12-20 06:44:10'),
(16, 40, 0, '04645-2023', 'alturas2023', '', 'Sombrio, Ivy Rose Posas ', '04645-2023', 'AP/AR Clerk I', 'ADMIN', '', 0, 0, '2023-10-25 07:37:47', '2023-12-20 06:44:58'),
(17, 39, 0, 'sir jayson', 'alturas2023', '', 'Igcalinos, Cesario Calamba', '31441-2013', 'Production Worker I', 'Production/Operation', 'Bacong', 0, 0, '2023-10-25 09:54:49', '2023-12-20 06:44:58'),
(18, 41, 0, '00283-2021', 'alturas2023', '', 'Igcalinos, Heziel Gascar', '00283-2021', 'Audit Trainee I', 'Internal Audit Department', 'HO', 1, 0, '2023-10-25 09:57:40', '2023-12-20 06:44:58'),
(19, 39, 0, '01704-2016', 'alturas2023', '', 'Socobos, Ma. Via Ayento ', '01704-2016', 'Disbursing Clerk II', 'ACCOUNTING', 'Group 1', 1, 0, '2023-10-26 00:53:54', '2023-12-20 06:44:58'),
(20, 37, 0, '02780-2022', 'alturas2023', '', 'Remolador, James Matthew Petarco ', '02780-2022', 'System Programmer II', 'Information Technology', 'HO', 1, 0, '2023-10-26 01:03:56', '2023-12-20 06:44:58'),
(21, 41, 0, '54723-2013', 'alturas2023', '', 'Longjas, Joel Albarado', '54723-2013', 'Production Aide', 'ADMIN', 'Piggery (Cortes)', 1, 0, '2023-10-26 01:41:14', '2023-12-20 06:44:58'),
(22, 39, 0, '02871-2015', 'alturas2023', '', 'Sombrio, Elieser Lobregas ', '02871-2015', 'Civil Engineer II', 'PLANNING, DESIGNS & CONSTRUCTION', 'HO', 1, 0, '2023-10-26 08:28:45', '2023-12-20 06:44:58'),
(23, 39, 0, 'sssss', 'ssssss', '', 'Tan, Gondelino Catipan Jr', '01081-2021', 'Jr Salesman', 'Operation', 'DSG', 1, 0, '2023-11-09 10:07:52', '2023-12-20 06:44:58'),
(24, 39, 0, '04326-2022', 'alturas2023', '', 'Nabas, Janwella Trigo', '04326-2022', 'Push Girl', '', '', 1, 0, '2023-11-09 10:12:45', '2023-12-20 06:44:58'),
(25, 43, 0, '08365-2015', 'alturas2023', '', 'Locay-locay, Jefryl Gorgonia', '08365-2015', 'Scaler', 'FRESH MARKET', 'COL-C', 1, 0, '2023-11-21 00:49:28', '2023-12-20 06:44:58'),
(26, 37, 0, '02275-2022', 'alturas2023', '', 'Tac-an, Mariel Bucar', '02275-2022', 'Service Crew I', 'OPERATIONS', 'JB - Panglao', 1, 0, '2023-11-21 03:28:01', '2023-12-20 06:46:06'),
(27, 41, 0, '07370-2015', 'alturas2023', '', 'Tatad, Emerita Pabe', '07370-2015', 'Cashier', 'SUPERMARKET', 'AMall', 1, 0, '2023-11-22 00:41:52', '2023-12-20 06:46:06'),
(28, 48, 0, '04034-2017', 'alturas2023', '', 'Damos, Rechelle Ramos', '04034-2017', 'Laboratory Assistant', 'ADMIN', 'MFRI-Tangnan', 1, 0, '2023-11-22 07:30:24', '2023-12-20 06:46:06'),
(29, 37, 0, '00322-2018', 'alturas2023', '', 'Gaballo, John Alfred ', '00322-2018', 'Stock Clerk II', 'BACKROOM DEPARTMENT', 'COL-C', 1, 0, '2023-11-24 03:48:33', '2023-12-20 06:46:06'),
(30, 38, 0, '03447-2023', 'alturas2023', '', 'Secretaria, Rino Rey Tapa ', '03447-2023', 'System Programmer I', 'Information Technology', 'HO', 1, 0, '2023-12-04 08:16:56', '2023-12-20 06:46:06'),
(31, 37, 0, '03447-2023', 'alturas2023', '', 'Secretaria, Rino Rey Tapa ', '03447-2023', 'System Programmer I', 'Information Technology', 'HO', 1, 0, '2023-12-04 08:22:31', '2023-12-20 06:46:06'),
(32, 39, 0, '09325-2015', 'alturas2023', '', 'Habaradas, Mary Joy Oliz ', '09325-2015', 'Sales Clerk', 'SUPERMARKET', 'PM', 1, 0, '2023-12-04 08:22:57', '2023-12-20 06:46:06'),
(33, 37, 0, '01089-2018', 'alturas2023', '', 'Handugan, Jonas Gudmalin', '01089-2018', 'Service Staff 1', 'ADMIN', 'Poultry Layer', 1, 0, '2023-12-04 10:24:10', '2024-01-15 06:04:01'),
(34, 38, 0, '03447-2023', 'alturas2023', '', 'Secretaria, Rino Rey Tapa ', '03447-2023', 'System Programmer I', 'Information Technology', 'HO', 1, 0, '2023-12-04 10:28:05', '2023-12-20 06:46:06'),
(35, 43, 0, '27057-2013', 'alturas2023', '', 'Manait, Zalde Estillore', '27057-2013', 'Security Guard', 'ADMIN', 'AMall', 1, 0, '2023-12-04 10:36:59', '2023-12-20 06:46:06'),
(36, 52, 0, '05512-2022', 'alturas2023', '', 'Jandayan, Edwin Bernido', '05512-2022', 'SECURITY GUARD', 'ADMIN', 'Agri Farms (Ubay)', 0, 0, '2023-12-05 01:58:24', '2023-12-20 06:46:06'),
(37, 43, 0, '00854-2023', 'alturas2023', '', 'Kanapia, Marissa Pealoga', '00854-2023', 'Service Staff 1', 'SUPERMARKET', 'ICM', 1, 0, '2023-12-06 08:08:36', '2023-12-20 06:46:06'),
(38, 41, 0, '04087-2022', '123456', '', 'Namalata, Jonalyn Mumar', '04087-2022', 'SECURITY GUARD', 'SECURITY & SAFETY DEPARTMENT', 'HO', 1, 0, '2023-12-07 01:37:22', '2023-12-20 06:46:06'),
(39, 39, 0, '06007-2015', 'alturas2023', '', 'Gabales, Erwin Gabunilas', '06007-2015', 'Electrical Technician III', 'ADMIN', 'COL-M', 1, 0, '2023-12-15 03:15:45', '2023-12-20 06:46:06'),
(40, 39, 0, '06408-2016', 'alturas2023', '', 'Handugan, Evelyn Espejo', '06408-2016', 'Production Worker I', 'PRODUCTION', 'FS Commi', 1, 0, '2023-12-18 01:50:44', '2023-12-20 06:46:52'),
(41, 38, 0, '', '', '', 'dasdsad', '', '', '', '', 0, 0, '2024-01-19 03:20:54', '2024-01-19 03:21:06'),
(42, 36, 0, '06252-2019', 'alturas2023', '', 'Namalata, Josua Willie Paimalan', '06252-2019', 'Security Guard', 'ADMIN', 'ICM', 1, 0, '2024-01-30 01:43:02', '2024-01-30 01:43:02'),
(43, 36, 0, '06012-2015', 'alturas2023', '../images/users/49279-2013=2016-07-28=Profile=10-19-15-AM.JPG', 'Jamago, Rose Ann Suaybaguio', '06012-2015', 'Section Head', 'CUSTOMER FINANCIAL SERVICES', 'COL-M', 1, 0, '2024-02-02 10:12:56', '2024-02-02 10:12:56');

--
-- Indexes for dumped tables
--

--
-- Indexes for table `class_tbl`
--
ALTER TABLE `class_tbl`
  ADD PRIMARY KEY (`CID`);

--
-- Indexes for table `per_details_tbl`
--
ALTER TABLE `per_details_tbl`
  ADD PRIMARY KEY (`PER_DETAIL_ID`);

--
-- Indexes for table `sub_tbl`
--
ALTER TABLE `sub_tbl`
  ADD PRIMARY KEY (`ID`);

--
-- Indexes for table `sup_tbl`
--
ALTER TABLE `sup_tbl`
  ADD PRIMARY KEY (`ID`);

--
-- Indexes for table `swa_details_tbl`
--
ALTER TABLE `swa_details_tbl`
  ADD PRIMARY KEY (`SWA_DETAIL_ID`);

--
-- Indexes for table `swa_tbl`
--
ALTER TABLE `swa_tbl`
  ADD PRIMARY KEY (`SWA_ID`);

--
-- Indexes for table `users_tbl`
--
ALTER TABLE `users_tbl`
  ADD PRIMARY KEY (`ID`);

--
-- AUTO_INCREMENT for dumped tables
--

--
-- AUTO_INCREMENT for table `class_tbl`
--
ALTER TABLE `class_tbl`
  MODIFY `CID` int NOT NULL AUTO_INCREMENT, AUTO_INCREMENT=71;

--
-- AUTO_INCREMENT for table `per_details_tbl`
--
ALTER TABLE `per_details_tbl`
  MODIFY `PER_DETAIL_ID` int NOT NULL AUTO_INCREMENT;

--
-- AUTO_INCREMENT for table `sub_tbl`
--
ALTER TABLE `sub_tbl`
  MODIFY `ID` int NOT NULL AUTO_INCREMENT, AUTO_INCREMENT=138;

--
-- AUTO_INCREMENT for table `sup_tbl`
--
ALTER TABLE `sup_tbl`
  MODIFY `ID` int NOT NULL AUTO_INCREMENT, AUTO_INCREMENT=67;

--
-- AUTO_INCREMENT for table `swa_details_tbl`
--
ALTER TABLE `swa_details_tbl`
  MODIFY `SWA_DETAIL_ID` int NOT NULL AUTO_INCREMENT, AUTO_INCREMENT=103;

--
-- AUTO_INCREMENT for table `swa_tbl`
--
ALTER TABLE `swa_tbl`
  MODIFY `SWA_ID` int NOT NULL AUTO_INCREMENT, AUTO_INCREMENT=178;

--
-- AUTO_INCREMENT for table `users_tbl`
--
ALTER TABLE `users_tbl`
  MODIFY `ID` int NOT NULL AUTO_INCREMENT, AUTO_INCREMENT=44;
COMMIT;

/*!40101 SET CHARACTER_SET_CLIENT=@OLD_CHARACTER_SET_CLIENT */;
/*!40101 SET CHARACTER_SET_RESULTS=@OLD_CHARACTER_SET_RESULTS */;
/*!40101 SET COLLATION_CONNECTION=@OLD_COLLATION_CONNECTION */;
